CT	TF	RandomRatio	Training	AUPR	BP_Resolution	Total_GoldStandard_Bins	Precision_at_5%_Recall	Precision_at_10%_Recall	RandomAUPR	log2FC_AUPR_AUPR_Random	Total_CTs_Train	CT_cat	CT__TF	Total_Number_Peaks
A549	CEBPB	0.0	20210817_ENCODE_v1_roundRobin_allRandomRatios_binary_revcomp99	0.4191841576769175	200	2560	0.9349651834239132	0.8186311952627389	0.0022522205486972	7.54009227332788	6	Greater Than 3 Cell Types	A549__CEBPB	11639
K562	BHLHE40	0.0	20210817_ENCODE_v1_roundRobin_allRandomRatios_binary_revcomp99	0.5336196412263309	200	7827	0.9446386512790228	0.8537663297854452	0.0068859883729114	6.276004214431121	5	Greater Than 3 Cell Types	K562__BHLHE40	24218
A549	SREBF1	0.0	20210817_ENCODE_v1_roundRobin_allRandomRatios_binary_revcomp99	0.2832930921422235	200	270	0.9302954144620812	0.7382066276803119	0.0002375388859954	10.21991600063389	3	3	A549__SREBF1	1423
MCF-7	CUX1	0.0	20210817_ENCODE_v1_roundRobin_allRandomRatios_binary_revcomp99	0.231153229769956	200	2539	0.6649346646036874	0.542756395883288	0.0022337453020086	6.693241015422271	2	2	MCF-7__CUX1	9559
HepG2	RFX1	0.0	20210817_ENCODE_v1_roundRobin_allRandomRatios_binary_revcomp99	0.6070539217284292	200	1109	0.965952428488902	0.9487034184579348	0.0009756689798848	9.281217194201718	2	2	HepG2__RFX1	3904
GM12878	USF2	0.0	20210817_ENCODE_v1_roundRobin_allRandomRatios_binary_revcomp99	0.645956050721186	200	867	1.0009803921568627	0.9668494615294896	0.0007627637561408	9.72598400198866	5	Greater Than 3 Cell Types	GM12878__USF2	3874
SK-N-SH	RFX5	0.0	20210817_ENCODE_v1_roundRobin_allRandomRatios_binary_revcomp99	0.301716389382191	200	1854	0.7303558164992051	0.6597522161640116	0.0016311003505018	7.531203712303963	5	Greater Than 3 Cell Types	SK-N-SH__RFX5	6874
GM12878	E4F1	0.0	20210817_ENCODE_v1_roundRobin_allRandomRatios_binary_revcomp99	0.2607554193945413	200	1207	0.439031051585458	0.4709339154902588	0.0010618867977646	7.939923450881423	2	2	GM12878__E4F1	4128
SK-N-SH	USF2	0.0	20210817_ENCODE_v1_roundRobin_allRandomRatios_binary_revcomp99	0.5080648668376615	200	456	1.0010964912280702	1.0019736842105262	0.0004011767852366	10.30655886411851	5	Greater Than 3 Cell Types	SK-N-SH__USF2	2133
K562	SREBF1	0.0	20210817_ENCODE_v1_roundRobin_allRandomRatios_binary_revcomp99	0.1936298131775336	200	883	0.462706436922235	0.30661598457647	0.0007768401345701	7.961467648200668	3	3	K562__SREBF1	2413
HEK293T	FOXK2	0.0	20210817_ENCODE_v1_roundRobin_allRandomRatios_binary_revcomp99	0.0982830768853468	200	519	0.3939776376481578	0.2419064337658709	0.0004566025253022	7.749860375105958	4	Greater Than 3 Cell Types	HEK293T__FOXK2	1215
K562	ZBTB40	0.0	20210817_ENCODE_v1_roundRobin_allRandomRatios_binary_revcomp99	0.4354012518049355	200	10754	0.9454664933343232	0.8798446652979477	0.009461085851832	5.524195973506515	3	3	K562__ZBTB40	25026
GM12878	ARID3A	0.0	20210817_ENCODE_v1_roundRobin_allRandomRatios_binary_revcomp99	0.3592085907618812	200	4012	0.7345004704470588	0.6355309378931252	0.0035296518911614	6.669152137504205	3	3	GM12878__ARID3A	15244
GM12878	ZBTB33	0.0	20210817_ENCODE_v1_roundRobin_allRandomRatios_binary_revcomp99	0.0317835833590488	200	1052	0.0478089657472823	0.0447274204756294	0.0009255218817302	5.101870877063906	4	Greater Than 3 Cell Types	GM12878__ZBTB33	4532
HEK293	TCF7L2	0.0	20210817_ENCODE_v1_roundRobin_allRandomRatios_binary_revcomp99	0.0937234865313812	200	2634	0.2716360011337594	0.2426567875415691	0.002317323798933	5.337879072997533	4	Greater Than 3 Cell Types	HEK293__TCF7L2	6410
GM12878	TBP	0.0	20210817_ENCODE_v1_roundRobin_allRandomRatios_binary_revcomp99	0.4552489158333435	200	4335	0.7045861519458417	0.6724378279434854	0.0038138187807041	6.899275477760529	2	2	GM12878__TBP	13654
GM12878	ZNF207	0.0	20210817_ENCODE_v1_roundRobin_allRandomRatios_binary_revcomp99	0.363066821222236	200	2719	0.6193799485693368	0.5171292665145766	0.0023921045593389	7.245810834197741	2	2	GM12878__ZNF207	8198
HepG2	CREM	0.0	20210817_ENCODE_v1_roundRobin_allRandomRatios_binary_revcomp99	0.5334444572888624	200	6516	0.9475945755559126	0.8738925608416809	0.0057326051153559	6.540003350068028	2	2	HepG2__CREM	19746
GM12878	TCF7	0.0	20210817_ENCODE_v1_roundRobin_allRandomRatios_binary_revcomp99	0.2738202808559297	200	1978	0.6903153540516647	0.5383874892244283	0.0017401922833293	7.297838769296717	2	2	GM12878__TCF7	7578
HEK293T	ARNT	0.0	20210817_ENCODE_v1_roundRobin_allRandomRatios_binary_revcomp99	0.1114530742858544	200	1081	0.3085855416011747	0.2101361877176626	0.0009510353176334	6.872721778663549	3	3	HEK293T__ARNT	3999
MCF-7	ZKSCAN1	0.0	20210817_ENCODE_v1_roundRobin_allRandomRatios_binary_revcomp99	0.1331448810152092	200	641	0.5714735498510849	0.3333850673614573	0.0005639349108261	7.883252590509125	2	2	MCF-7__ZKSCAN1	3406
K562	ELK1	0.0	20210817_ENCODE_v1_roundRobin_allRandomRatios_binary_revcomp99	0.4336308881814699	200	1218	0.8827152250205429	0.7891079774084699	0.0010715643079348	8.660605282201399	2	2	K562__ELK1	3239
GM12878	ZNF592	0.0	20210817_ENCODE_v1_roundRobin_allRandomRatios_binary_revcomp99	0.1019845306382215	200	1862	0.1715788758584747	0.1638942464531816	0.0016381385397165	5.960149152738245	2	2	GM12878__ZNF592	8014
HCT116	MAX	0.0	20210817_ENCODE_v1_roundRobin_allRandomRatios_binary_revcomp99	0.4740296962300337	200	9550	0.7302593641742593	0.6880403458213257	0.0084018383750228	5.818128598136331	6	Greater Than 3 Cell Types	HCT116__MAX	25103
A549	MAFK	0.0	20210817_ENCODE_v1_roundRobin_allRandomRatios_binary_revcomp99	0.5620558755786605	200	11329	0.9387831507538864	0.9144183850214166	0.009966955701637	5.817416833405689	5	Greater Than 3 Cell Types	A549__MAFK	57397
HEK293T	ZNF384	0.0	20210817_ENCODE_v1_roundRobin_allRandomRatios_binary_revcomp99	0.3084638281979953	200	6702	0.80295649756966	0.7001254184626844	0.0058962430145972	5.709161525845668	3	3	HEK293T__ZNF384	18266
GM12878	MAX	0.0	20210817_ENCODE_v1_roundRobin_allRandomRatios_binary_revcomp99	0.4573971616697418	200	3247	0.8580270477943116	0.7865288884745434	0.0028566250475077	7.322991918412448	6	Greater Than 3 Cell Types	GM12878__MAX	10547
MCF-7	ZNF207	0.0	20210817_ENCODE_v1_roundRobin_allRandomRatios_binary_revcomp99	0.04645495288152	200	430	0.0966054671562627	0.1041162227602905	0.0003783026702889	6.940147650370647	2	2	MCF-7__ZNF207	2357
K562	FOXA1	0.0	20210817_ENCODE_v1_roundRobin_allRandomRatios_binary_revcomp99	0.1025326004436227	200	318	0.3334392702618314	0.2772229245680573	0.0002797680212834	8.517635909548705	3	3	K562__FOXA1	827
GM12878	ATF2	0.0	20210817_ENCODE_v1_roundRobin_allRandomRatios_binary_revcomp99	0.5554439565870994	200	3021	0.8890360018000358	0.846508788847637	0.0026577962021931	7.707267059006081	2	2	GM12878__ATF2	13048
MCF-7	NFXL1	0.0	20210817_ENCODE_v1_roundRobin_allRandomRatios_binary_revcomp99	0.0108957487477762	200	260	0.0337662337662337	0.0115967885816235	0.000228741149477	5.57390560729264	2	2	MCF-7__NFXL1	1017
K562	TCF7	0.0	20210817_ENCODE_v1_roundRobin_allRandomRatios_binary_revcomp99	0.19561958332096	200	2060	0.4161009708737864	0.3456375838926174	0.0018123337227798	6.754058356917216	2	2	K562__TCF7	4586
GM12878	NRF1	0.0	20210817_ENCODE_v1_roundRobin_allRandomRatios_binary_revcomp99	0.7522026416628549	200	1014	0.9620127002802564	0.9624869390220512	0.0008920904829605	9.71971561040348	4	Greater Than 3 Cell Types	GM12878__NRF1	4953
IMR-90	CEBPB	0.0	20210817_ENCODE_v1_roundRobin_allRandomRatios_binary_revcomp99	0.6030904209293142	200	14466	0.9653070811763612	0.9359896495010316	0.012726805647443	5.566432058701476	6	Greater Than 3 Cell Types	IMR-90__CEBPB	74338
SK-N-SH	TCF12	0.0	20210817_ENCODE_v1_roundRobin_allRandomRatios_binary_revcomp99	0.5590493480659737	200	13449	0.9372205233915704	0.9081418695146376	0.0118320758435269	5.562200527036164	3	3	SK-N-SH__TCF12	52160
HepG2	ATF2	0.0	20210817_ENCODE_v1_roundRobin_allRandomRatios_binary_revcomp99	0.6966794370124514	200	7674	0.9647983755138984	0.9483356421580166	0.0067513830041806	6.689168106564839	2	2	HepG2__ATF2	41792
HepG2	FOSL2	0.0	20210817_ENCODE_v1_roundRobin_allRandomRatios_binary_revcomp99	0.5320372930227404	200	4022	0.9806359355355936	0.9370789549380896	0.0035384496276797	7.232266182732664	3	3	HepG2__FOSL2	19939
MCF-7	ZNF24	0.0	20210817_ENCODE_v1_roundRobin_allRandomRatios_binary_revcomp99	0.2737675733893543	200	2142	0.5752957464105473	0.5196817906318174	0.0018844751622302	7.18264498525626	3	3	MCF-7__ZNF24	8872
K562	CREB1	0.0	20210817_ENCODE_v1_roundRobin_allRandomRatios_binary_revcomp99	0.6067513846000098	200	4564	0.978739688770232	0.9270792343314082	0.0040152869469742	7.239458593720148	3	3	K562__CREB1	12853
HepG2	USF2	0.0	20210817_ENCODE_v1_roundRobin_allRandomRatios_binary_revcomp99	0.5601031502413563	200	1323	0.970882826656752	0.964132321828669	0.0011639405413775	8.910531370730576	5	Greater Than 3 Cell Types	HepG2__USF2	7610
IMR-90	MXI1	0.0	20210817_ENCODE_v1_roundRobin_allRandomRatios_binary_revcomp99	0.4772111817658028	200	4386	0.7766486763670768	0.7387013093376562	0.0038586872369476	6.950373925654647	4	Greater Than 3 Cell Types	IMR-90__MXI1	16798
GM12878	ESRRA	0.0	20210817_ENCODE_v1_roundRobin_allRandomRatios_binary_revcomp99	0.2022408958592041	200	813	0.5618873048034133	0.4273458505966638	0.0007152559789417	8.143399391635375	3	3	GM12878__ESRRA	2791
MCF-7	MAFK	0.0	20210817_ENCODE_v1_roundRobin_allRandomRatios_binary_revcomp99	0.4364142877924122	200	2149	0.8505914344757627	0.8237931949925098	0.0018906335777931	7.850684741897053	5	Greater Than 3 Cell Types	MCF-7__MAFK	9986
HepG2	ZNF384	0.0	20210817_ENCODE_v1_roundRobin_allRandomRatios_binary_revcomp99	0.475919824417586	200	3276	0.9820775810134444	0.9397985979839304	0.0028821384834109	7.3674350839165745	3	3	HepG2__ZNF384	16456
HepG2	JUN	0.0	20210817_ENCODE_v1_roundRobin_allRandomRatios_binary_revcomp99	0.1891593460899825	200	2589	0.5937217841944613	0.5418619109206066	0.0022777339846004	6.375858984140071	3	3	HepG2__JUN	13946
MCF-7	ATF7	0.0	20210817_ENCODE_v1_roundRobin_allRandomRatios_binary_revcomp99	0.3426421477685837	200	4094	0.727003529938949	0.6640258580116509	0.0036017933306119	6.571843412942279	3	3	MCF-7__ATF7	18610
A549	FOSL2	0.0	20210817_ENCODE_v1_roundRobin_allRandomRatios_binary_revcomp99	0.5927039058245942	200	3497	0.940675025597978	0.9137432031676233	0.0030765684604664	7.589845658384688	3	3	A549__FOSL2	13940
HepG2	ZBTB40	0.0	20210817_ENCODE_v1_roundRobin_allRandomRatios_binary_revcomp99	0.3977514204096026	200	917	0.9579689348940812	0.8754759418530483	0.0008067524387325	8.945525333391325	3	3	HepG2__ZBTB40	5209
MCF-7	ARID3A	0.0	20210817_ENCODE_v1_roundRobin_allRandomRatios_binary_revcomp99	0.0137941604733163	200	54	0.0494581828285635	0.0614245600287328	4.750777719908222e-05	8.18167823283406	3	3	MCF-7__ARID3A	562
GM12878	GATAD2B	0.0	20210817_ENCODE_v1_roundRobin_allRandomRatios_binary_revcomp99	0.4884071461492137	200	8694	0.8067378495750362	0.7262521103530349	0.0076487521290522	5.996716103467782	2	2	GM12878__GATAD2B	22885
A549	RFX5	0.0	20210817_ENCODE_v1_roundRobin_allRandomRatios_binary_revcomp99	0.2357988353148396	200	925	0.5288777217656528	0.5446736813388398	0.0008137906279472	8.178683211418068	5	Greater Than 3 Cell Types	A549__RFX5	4068
MCF-7	CREB1	0.0	20210817_ENCODE_v1_roundRobin_allRandomRatios_binary_revcomp99	0.5118163049154161	200	7541	0.9401246707056152	0.8902125062319615	0.0066343731084866	6.269522148079203	3	3	MCF-7__CREB1	33447
K562	FOXM1	0.0	20210817_ENCODE_v1_roundRobin_allRandomRatios_binary_revcomp99	0.4138941063693382	200	4513	0.7661610086004914	0.7386439033497024	0.0039704184907307	6.703826816710757	4	Greater Than 3 Cell Types	K562__FOXM1	11948
K562	RFX1	0.0	20210817_ENCODE_v1_roundRobin_allRandomRatios_binary_revcomp99	0.599797388177734	200	5437	0.9679461509775183	0.9411610697558608	0.0047833293450261	6.970316301610148	2	2	K562__RFX1	15249
HEK293T	FOXA1	0.0	20210817_ENCODE_v1_roundRobin_allRandomRatios_binary_revcomp99	0.050801691037512	200	177	0.2251883526250516	0.2048668975421485	0.0001557199363747	8.349779050276664	3	3	HEK293T__FOXA1	831
MCF-7	CEBPB	0.0	20210817_ENCODE_v1_roundRobin_allRandomRatios_binary_revcomp99	0.5414271499554117	200	4847	0.9200086493836463	0.8849175576942098	0.0042642628904435	6.98832704080003	6	Greater Than 3 Cell Types	MCF-7__CEBPB	25717
HepG2	NFE2L2	0.0	20210817_ENCODE_v1_roundRobin_allRandomRatios_binary_revcomp99	0.5301615199714801	200	1418	1.0003526093088857	0.9476875229872308	0.0012475190383018	8.73122631791012	2	2	HepG2__NFE2L2	8812
SK-N-SH	FOXM1	0.0	20210817_ENCODE_v1_roundRobin_allRandomRatios_binary_revcomp99	0.3096332559798478	200	2667	0.6092053495145952	0.5460737515706795	0.0023463563294435	7.043994496489771	4	Greater Than 3 Cell Types	SK-N-SH__FOXM1	8072
GM12878	PKNOX1	0.0	20210817_ENCODE_v1_roundRobin_allRandomRatios_binary_revcomp99	0.5699962663198679	200	8010	0.9781098305468096	0.9423438605159334	0.0070469869511971	6.337802116256308	3	3	GM12878__PKNOX1	28100
K562	TCF12	0.0	20210817_ENCODE_v1_roundRobin_allRandomRatios_binary_revcomp99	0.3956433220066591	200	7555	0.8199837195999468	0.7520418078764095	0.0066466899396123	5.895420540798502	3	3	K562__TCF12	22402
MCF-7	ESRRA	0.0	20210817_ENCODE_v1_roundRobin_allRandomRatios_binary_revcomp99	0.0042830116608818	200	90	0.0107654959445459	0.0091930541368743	7.917962866513703e-05	5.757352493410403	3	3	MCF-7__ESRRA	787
IMR-90	MAFK	0.0	20210817_ENCODE_v1_roundRobin_allRandomRatios_binary_revcomp99	0.5484793573171612	200	8334	0.9123354376726448	0.9036295056127874	0.0073320336143916	6.22508011379231	5	Greater Than 3 Cell Types	IMR-90__MAFK	42787
HepG2	ATF7	0.0	20210817_ENCODE_v1_roundRobin_allRandomRatios_binary_revcomp99	0.2900887221346536	200	6518	0.7946819570220363	0.556003390402166	0.0057343646626595	5.660716746218702	3	3	HepG2__ATF7	33588
GM12878	ELK1	0.0	20210817_ENCODE_v1_roundRobin_allRandomRatios_binary_revcomp99	0.5497461012745777	200	1598	0.8980081995689198	0.9140790520169918	0.001405878295632	8.611149949203718	2	2	GM12878__ELK1	5661
GM12878	SREBF1	0.0	20210817_ENCODE_v1_roundRobin_allRandomRatios_binary_revcomp99	0.1729240227898673	200	864	0.3945863161430822	0.3271481648745172	0.0007601244351853	7.829686975889104	3	3	GM12878__SREBF1	3150
HepG2	ZBTB33	0.0	20210817_ENCODE_v1_roundRobin_allRandomRatios_binary_revcomp99	0.0538523171693952	200	342	0.1560086987694423	0.1127039920880812	0.0003008825889275	7.483663987346981	4	Greater Than 3 Cell Types	HepG2__ZBTB33	1699
MCF-7	NRF1	0.0	20210817_ENCODE_v1_roundRobin_allRandomRatios_binary_revcomp99	0.6612360224521114	200	1124	0.9665314034580514	0.9420854703091202	0.0009888655846623	9.385175175311012	4	Greater Than 3 Cell Types	MCF-7__NRF1	5241
GM12878	IRF3	0.0	20210817_ENCODE_v1_roundRobin_allRandomRatios_binary_revcomp99	0.4046268089527056	200	872	0.9154186186479276	0.8132714789877358	0.0007671626243999	9.042843759898949	2	2	GM12878__IRF3	3452
GM12878	CUX1	0.0	20210817_ENCODE_v1_roundRobin_allRandomRatios_binary_revcomp99	0.0743062034020117	200	275	0.4245766758494031	0.2847095412327611	0.0002419377542545	8.262702929304616	2	2	GM12878__CUX1	953
K562	CUX1	0.0	20210817_ENCODE_v1_roundRobin_allRandomRatios_binary_revcomp99	0.1862832380711297	200	2153	0.4842755239240308	0.437942950646544	0.0018941526724004	6.619801435403795	2	2	K562__CUX1	5194
MCF-7	ZBTB33	0.0	20210817_ENCODE_v1_roundRobin_allRandomRatios_binary_revcomp99	0.0341871139693131	200	1063	0.0663422822521602	0.0657753874805645	0.0009351993919004	5.192034835511301	4	Greater Than 3 Cell Types	MCF-7__ZBTB33	6078
HepG2	FOXA1	0.0	20210817_ENCODE_v1_roundRobin_allRandomRatios_binary_revcomp99	0.3714823583738281	200	1162	0.819796935899197	0.7600670352113098	0.0010222969834321	8.505335520088876	3	3	HepG2__FOXA1	6451
IMR-90	MAZ	0.0	20210817_ENCODE_v1_roundRobin_allRandomRatios_binary_revcomp99	0.5376791306834944	200	4572	0.8414204475966715	0.8121455378918747	0.0040223251361889	7.062571962567387	5	Greater Than 3 Cell Types	IMR-90__MAZ	16112
GM12878	NFXL1	0.0	20210817_ENCODE_v1_roundRobin_allRandomRatios_binary_revcomp99	0.0094495697869697	200	421	0.0317258865988582	0.0147818335633872	0.0003703847074224	4.673152210448385	2	2	GM12878__NFXL1	3834
A549	ESRRA	0.0	20210817_ENCODE_v1_roundRobin_allRandomRatios_binary_revcomp99	0.1247154497228698	200	352	0.3594001517350573	0.3029527750359999	0.0003096803254458	8.653644752764384	3	3	A549__ESRRA	2203
SK-N-SH	NFIC	0.0	20210817_ENCODE_v1_roundRobin_allRandomRatios_binary_revcomp99	0.4279892003856061	200	7547	0.7363623063980278	0.6917889538945726	0.0066396517503976	6.010323008557017	3	3	SK-N-SH__NFIC	29548
IMR-90	BHLHE40	0.0	20210817_ENCODE_v1_roundRobin_allRandomRatios_binary_revcomp99	0.4563633116060492	200	4551	0.8937989953090948	0.8071683128426036	0.0040038498895004	6.832651117221	5	Greater Than 3 Cell Types	IMR-90__BHLHE40	21463
SK-N-SH	IRF3	0.0	20210817_ENCODE_v1_roundRobin_allRandomRatios_binary_revcomp99	0.5473498680111715	200	455	0.7935470010285282	0.8499911688590934	0.0004002970115848	10.41717674307812	2	2	SK-N-SH__IRF3	2105
HepG2	MNT	0.0	20210817_ENCODE_v1_roundRobin_allRandomRatios_binary_revcomp99	0.402343118257709	200	2006	0.7711844062644714	0.6804417762508623	0.0017648259455807	7.832756640615321	2	2	HepG2__MNT	8684
IMR-90	NFE2L2	0.0	20210817_ENCODE_v1_roundRobin_allRandomRatios_binary_revcomp99	0.5180722919167305	200	2584	0.9925584313058908	0.9523901190668596	0.0022733351163412	7.832199245649166	2	2	IMR-90__NFE2L2	13501
GM12878	ZNF24	0.0	20210817_ENCODE_v1_roundRobin_allRandomRatios_binary_revcomp99	0.3446410904969889	200	3995	0.8025195084325196	0.6803573218043606	0.0035146957390802	6.61555110650824	3	3	GM12878__ZNF24	14863
MCF-7	FOXK2	0.0	20210817_ENCODE_v1_roundRobin_allRandomRatios_binary_revcomp99	0.0099738886053118	200	111	0.0237158247238473	0.0246300838149035	9.7654875353669e-05	6.674320208453037	4	Greater Than 3 Cell Types	MCF-7__FOXK2	874
GM12878	BHLHE40	0.0	20210817_ENCODE_v1_roundRobin_allRandomRatios_binary_revcomp99	0.6283418790579705	200	9201	0.970469414284197	0.9398469883471764	0.0080947973705325	6.278410961503946	5	Greater Than 3 Cell Types	GM12878__BHLHE40	35312
MCF-7	E4F1	0.0	20210817_ENCODE_v1_roundRobin_allRandomRatios_binary_revcomp99	0.1046731589391782	200	405	0.4084205786333446	0.2792547365960064	0.0003563083289931	8.19854961986821	2	2	MCF-7__E4F1	2183
GM12878	FOXM1	0.0	20210817_ENCODE_v1_roundRobin_allRandomRatios_binary_revcomp99	0.3577245662713243	200	4364	0.6931173563377789	0.6498359666196175	0.0038393322166073	6.541849985039608	4	Greater Than 3 Cell Types	GM12878__FOXM1	13189
GM12878	ZNF384	0.0	20210817_ENCODE_v1_roundRobin_allRandomRatios_binary_revcomp99	0.5157515716767109	200	2672	0.9111294133148298	0.8846539450932245	0.0023507551977027	7.777408194458773	3	3	GM12878__ZNF384	11191
K562	RFX5	0.0	20210817_ENCODE_v1_roundRobin_allRandomRatios_binary_revcomp99	0.1628457699969648	200	780	0.5266531713900134	0.4285714285714285	0.0006862234484311	7.890612106136023	5	Greater Than 3 Cell Types	K562__RFX5	1989
HepG2	NFIC	0.0	20210817_ENCODE_v1_roundRobin_allRandomRatios_binary_revcomp99	0.3192517086617625	200	3074	0.7252356737448199	0.6698019232844696	0.0027044242057403	6.883229066096427	3	3	HepG2__NFIC	9680
K562	ZBTB33	0.0	20210817_ENCODE_v1_roundRobin_allRandomRatios_binary_revcomp99	0.1890641805759632	200	16488	0.220065353089307	0.2383321296889412	0.0145057079714531	3.7041834462043792	4	Greater Than 3 Cell Types	K562__ZBTB33	45388
HepG2	CEBPB	0.0	20210817_ENCODE_v1_roundRobin_allRandomRatios_binary_revcomp99	0.5652463602277393	200	2885	0.979900106360469	0.9202872851251748	0.0025381469855435	7.798960367989626	6	Greater Than 3 Cell Types	HepG2__CEBPB	17650
SK-N-SH	NRF1	0.0	20210817_ENCODE_v1_roundRobin_allRandomRatios_binary_revcomp99	0.6360776156249658	200	1987	1.000503271263211	0.9902491230310452	0.0017481102461958	8.50726283431774	4	Greater Than 3 Cell Types	SK-N-SH__NRF1	9230
IMR-90	USF2	0.0	20210817_ENCODE_v1_roundRobin_allRandomRatios_binary_revcomp99	0.5549117125319147	200	2967	1.0001685203909674	0.9709457623305168	0.002610288424994	7.731905217235801	5	Greater Than 3 Cell Types	IMR-90__USF2	14684
HEK293T	FOXM1	0.0	20210817_ENCODE_v1_roundRobin_allRandomRatios_binary_revcomp99	0.0693992189797807	200	937	0.1604351918664391	0.1009990117135092	0.0008243479117692	6.39552226864346	4	Greater Than 3 Cell Types	HEK293T__FOXM1	3089
HepG2	BHLHE40	0.0	20210817_ENCODE_v1_roundRobin_allRandomRatios_binary_revcomp99	0.4511940671696092	200	3302	0.8831124175510121	0.831784274694693	0.0029050125983586	7.279059867110941	5	Greater Than 3 Cell Types	HepG2__BHLHE40	16786
K562	MAFK	0.0	20210817_ENCODE_v1_roundRobin_allRandomRatios_binary_revcomp99	0.4987008797022156	200	5788	0.9667501689190492	0.9293407011354784	0.0050921298968201	6.61376171578424	5	Greater Than 3 Cell Types	K562__MAFK	20498
HepG2	ZNF24	0.0	20210817_ENCODE_v1_roundRobin_allRandomRatios_binary_revcomp99	0.1543233669628357	200	728	0.6796258125891865	0.2978469342105705	0.0006404752185357	7.912598059177221	3	3	HepG2__ZNF24	3288
SK-N-SH	ZBTB33	0.0	20210817_ENCODE_v1_roundRobin_allRandomRatios_binary_revcomp99	0.0295217769043488	200	2512	0.0143383838560428	0.0216191520643493	0.0022099914134091	3.7396668899043632	4	Greater Than 3 Cell Types	SK-N-SH__ZBTB33	8681
MCF-7	RFX5	0.0	20210817_ENCODE_v1_roundRobin_allRandomRatios_binary_revcomp99	0.2811837949024363	200	2132	0.6425747447625643	0.6012645987559592	0.0018756774257119	7.227957903506755	5	Greater Than 3 Cell Types	MCF-7__RFX5	8542
GM12878	ZBTB40	0.0	20210817_ENCODE_v1_roundRobin_allRandomRatios_binary_revcomp99	0.383902079867758	200	3046	0.889681126287037	0.780153850359852	0.0026797905434889	7.162474324227544	3	3	GM12878__ZBTB40	8858
MCF-7	FOSL2	0.0	20210817_ENCODE_v1_roundRobin_allRandomRatios_binary_revcomp99	0.5478656186363648	200	2812	0.8435235204067862	0.8495486050470658	0.0024739235089596	7.790877365349745	3	3	MCF-7__FOSL2	14162
K562	NFIC	0.0	20210817_ENCODE_v1_roundRobin_allRandomRatios_binary_revcomp99	0.4869734199128215	200	16591	0.8626690793814645	0.782103755130114	0.014596324657592	5.0601659784334165	3	3	K562__NFIC	45794
MCF-7	JUN	0.0	20210817_ENCODE_v1_roundRobin_allRandomRatios_binary_revcomp99	0.3139735275265688	200	961	0.790733689237205	0.6443621227887617	0.0008454624794132	8.53668647799274	3	3	MCF-7__JUN	4158
K562	ZNF384	0.0	20210817_ENCODE_v1_roundRobin_allRandomRatios_binary_revcomp99	0.4639007893860333	200	6270	0.9372004869073536	0.880855651816012	0.0055161807970045	6.3940027478434285	3	3	K562__ZNF384	19537
K562	CEBPB	0.0	20210817_ENCODE_v1_roundRobin_allRandomRatios_binary_revcomp99	0.5967664538791574	200	12762	0.9770367405574768	0.9417773089131304	0.0112276713447164	5.73203579517554	6	Greater Than 3 Cell Types	K562__CEBPB	45896
SK-N-SH	MXI1	0.0	20210817_ENCODE_v1_roundRobin_allRandomRatios_binary_revcomp99	0.4276881099434799	200	8654	0.8308363008412418	0.7621497789779492	0.0076135611829788	5.811843868738852	4	Greater Than 3 Cell Types	SK-N-SH__MXI1	25442
HepG2	MXI1	0.0	20210817_ENCODE_v1_roundRobin_allRandomRatios_binary_revcomp99	0.5210747457670982	200	3679	0.8395636069606796	0.7927643207257276	0.0032366872651004	7.330828548733893	4	Greater Than 3 Cell Types	HepG2__MXI1	14231
A549	MAX	0.0	20210817_ENCODE_v1_roundRobin_allRandomRatios_binary_revcomp99	0.6456422734024507	200	10078	0.9455356308613212	0.9222069240670718	0.0088663588631916	6.186249475553908	6	Greater Than 3 Cell Types	A549__MAX	32778
MCF-7	SREBF1	0.0	20210817_ENCODE_v1_roundRobin_allRandomRatios_binary_revcomp99	0.2228999312779213	200	1785	0.8259192455439532	0.5160857143551091	0.0015703959685252	7.149123987299645	3	3	MCF-7__SREBF1	7060
SK-N-SH	PBX3	0.0	20210817_ENCODE_v1_roundRobin_allRandomRatios_binary_revcomp99	0.4973697524813448	200	11216	0.7795424288721211	0.7824546724707688	0.0098675412789797	5.655484313193699	2	2	SK-N-SH__PBX3	48028
K562	JUN	0.0	20210817_ENCODE_v1_roundRobin_allRandomRatios_binary_revcomp99	0.4890821805298031	200	5829	0.8849243718773728	0.8521960820884322	0.0051282006165453	6.575480389852478	3	3	K562__JUN	17481
HepG2	FOXK2	0.0	20210817_ENCODE_v1_roundRobin_allRandomRatios_binary_revcomp99	0.2988943097613705	200	1595	0.5798006817389213	0.5001567398119122	0.0014032389746765	7.734730897548344	4	Greater Than 3 Cell Types	HepG2__FOXK2	8080
A549	PBX3	0.0	20210817_ENCODE_v1_roundRobin_allRandomRatios_binary_revcomp99	0.2464714307853977	200	1606	0.4910616369324567	0.4894837712883899	0.0014129164848467	7.446600426247089	2	2	A549__PBX3	8306
K562	NRF1	0.0	20210817_ENCODE_v1_roundRobin_allRandomRatios_binary_revcomp99	0.6628288815863952	200	6425	0.9847861102977532	0.977279810318135	0.0056525457130389	6.8735919022382	4	Greater Than 3 Cell Types	K562__NRF1	19295
GM12878	CREM	0.0	20210817_ENCODE_v1_roundRobin_allRandomRatios_binary_revcomp99	0.5771396752658969	200	6508	0.9395534415905192	0.9053620334128256	0.0057255669261412	6.65535815072806	2	2	GM12878__CREM	25528
GM12878	CREB1	0.0	20210817_ENCODE_v1_roundRobin_allRandomRatios_binary_revcomp99	0.5330611751689496	200	5533	0.90570108410639	0.8921901132482873	0.0048677876156022	6.774891075031805	3	3	GM12878__CREB1	22490
MCF-7	ZNF592	0.0	20210817_ENCODE_v1_roundRobin_allRandomRatios_binary_revcomp99	0.1468092596798522	200	1210	0.2986300233173574	0.2602150537634408	0.0010645261187201	7.107587808205375	2	2	MCF-7__ZNF592	5039
HEK293T	PKNOX1	0.0	20210817_ENCODE_v1_roundRobin_allRandomRatios_binary_revcomp99	0.3468387539026398	200	11341	0.8450111742468045	0.7259987210762074	0.0099775129854591	5.119441044983417	3	3	HEK293T__PKNOX1	38690
K562	IKZF1	0.0	20210817_ENCODE_v1_roundRobin_allRandomRatios_binary_revcomp99	0.3894897570721145	200	16383	0.7391764458605945	0.6870931211409123	0.0144133317380104	4.756109620542954	2	2	K562__IKZF1	37742
K562	E4F1	0.0	20210817_ENCODE_v1_roundRobin_allRandomRatios_binary_revcomp99	0.5241021171047934	200	12034	0.8774087188934693	0.8321009137086732	0.0105871961261806	5.629455469723041	2	2	K562__E4F1	23426
HepG2	NRF1	0.0	20210817_ENCODE_v1_roundRobin_allRandomRatios_binary_revcomp99	0.5999631236378715	200	4011	0.9805143751622304	0.98300760874719	0.0035287721175096	7.409563752688157	4	Greater Than 3 Cell Types	HepG2__NRF1	11754
MCF-7	ELK1	0.0	20210817_ENCODE_v1_roundRobin_allRandomRatios_binary_revcomp99	0.5032587641479778	200	1073	0.8987239562765571	0.8994100123740083	0.0009439971284188	9.058302205260974	2	2	MCF-7__ELK1	4134
K562	ARID3A	0.0	20210817_ENCODE_v1_roundRobin_allRandomRatios_binary_revcomp99	0.4102414900086002	200	3798	0.7715301408712575	0.7063569315309276	0.0033413803296687	6.939885391252562	3	3	K562__ARID3A	9898
HepG2	ARNT	0.0	20210817_ENCODE_v1_roundRobin_allRandomRatios_binary_revcomp99	0.0010149678272431	200	31	0.0024523719986212	0.001487038064162	2.727298320688053e-05	5.217817671404653	3	3	HepG2__ARNT	573
HEK293T	BHLHE40	0.0	20210817_ENCODE_v1_roundRobin_allRandomRatios_binary_revcomp99	0.0199749344216426	200	220	0.044	0.0475161987041036	0.0001935502034036	6.689339132748798	5	Greater Than 3 Cell Types	HEK293T__BHLHE40	572
GM12878	YBX1	0.0	20210817_ENCODE_v1_roundRobin_allRandomRatios_binary_revcomp99	0.020069760393292	200	351	0.0361184370594757	0.0306298066274406	0.000308800551794	6.022204252132622	2	2	GM12878__YBX1	1166
HepG2	CREB1	0.0	20210817_ENCODE_v1_roundRobin_allRandomRatios_binary_revcomp99	0.4928708453149583	200	6901	0.9719805301363972	0.9080815565579607	0.0060713179713123	6.343056100871354	3	3	HepG2__CREB1	34502
HepG2	IRF3	0.0	20210817_ENCODE_v1_roundRobin_allRandomRatios_binary_revcomp99	0.238934658096411	200	82	0.7186120789779327	0.503012912482066	7.214143945045819e-05	11.693500305454307	2	2	HepG2__IRF3	579
HepG2	ARID3A	0.0	20210817_ENCODE_v1_roundRobin_allRandomRatios_binary_revcomp99	0.4150313185200633	200	4301	0.7904503995435525	0.7031812417123371	0.0037839064765417	6.777199965697423	3	3	HepG2__ARID3A	18143
HepG2	MAFK	0.0	20210817_ENCODE_v1_roundRobin_allRandomRatios_binary_revcomp99	0.5633075713389638	200	7569	0.9312654404970612	0.9120023415295152	0.006659006770738	6.402472045488729	5	Greater Than 3 Cell Types	HepG2__MAFK	45482
MCF-7	MAZ	0.0	20210817_ENCODE_v1_roundRobin_allRandomRatios_binary_revcomp99	0.5428598626281644	200	3928	0.831329399767218	0.7961014316045669	0.0034557509044073	7.295436779520509	5	Greater Than 3 Cell Types	MCF-7__MAZ	12851
GM12878	MAFK	0.0	20210817_ENCODE_v1_roundRobin_allRandomRatios_binary_revcomp99	0.4283254660582657	200	953	0.922052413668672	0.856126499961757	0.0008384242901986	8.99681122560819	5	Greater Than 3 Cell Types	GM12878__MAFK	4669
HepG2	MAZ	0.0	20210817_ENCODE_v1_roundRobin_allRandomRatios_binary_revcomp99	0.4710822544032714	200	3030	0.6712219755898894	0.6674008810572687	0.0026657141650596	7.465313082981174	5	Greater Than 3 Cell Types	HepG2__MAZ	11757
HCT116	CEBPB	0.0	20210817_ENCODE_v1_roundRobin_allRandomRatios_binary_revcomp99	0.2569841098494245	200	4633	0.6958582569505811	0.591146576164124	0.0040759913289508	5.978384363103108	6	Greater Than 3 Cell Types	HCT116__CEBPB	15015
SK-N-SH	FOSL2	0.0	20210817_ENCODE_v1_roundRobin_allRandomRatios_binary_revcomp99	0.6296350536156696	200	6611	0.9649852619688964	0.9231607003459552	0.0058161836122802	6.75829923717835	3	3	SK-N-SH__FOSL2	29418
K562	ESRRA	0.0	20210817_ENCODE_v1_roundRobin_allRandomRatios_binary_revcomp99	0.3645420076059124	200	8910	0.6269988188887666	0.6043699567186468	0.0078387832378485	5.53931152954708	3	3	K562__ESRRA	19294
MCF-7	YBX1	0.0	20210817_ENCODE_v1_roundRobin_allRandomRatios_binary_revcomp99	0.0323659724865559	200	272	0.0608813541173913	0.0888809881426686	0.000239298433299	7.079523090843366	2	2	MCF-7__YBX1	1672
A549	USF2	0.0	20210817_ENCODE_v1_roundRobin_allRandomRatios_binary_revcomp99	0.5367020059466756	200	2002	0.9904433777249736	0.9524860420964316	0.0017613068509733	8.251331195833801	5	Greater Than 3 Cell Types	A549__USF2	10349
HepG2	IKZF1	0.0	20210817_ENCODE_v1_roundRobin_allRandomRatios_binary_revcomp99	0.0002186935754636	200	113	0.0001441774599474	0.0001366776559152	9.941442265733871e-05	1.1373837664568005	2	2	HepG2__IKZF1	1275
K562	MAX	0.0	20210817_ENCODE_v1_roundRobin_allRandomRatios_binary_revcomp99	0.7021161940477456	200	15438	0.9834502179907936	0.9735331067895544	0.0135819456370265	5.69194773557309	6	Greater Than 3 Cell Types	K562__MAX	46949
A549	BHLHE40	0.0	20210817_ENCODE_v1_roundRobin_allRandomRatios_binary_revcomp99	0.3183750087676926	200	539	0.675063418724133	0.6924337567194709	0.0004741979983389	9.391021805891569	5	Greater Than 3 Cell Types	A549__BHLHE40	3426
HepG2	ZNF207	0.0	20210817_ENCODE_v1_roundRobin_allRandomRatios_binary_revcomp99	0.0049536271842398	200	87	0.0033983380497621	0.0034721370700408	7.654030770963247e-05	6.016121782549243	2	2	HepG2__ZNF207	729
K562	TCF7L2	0.0	20210817_ENCODE_v1_roundRobin_allRandomRatios_binary_revcomp99	0.0141202442687873	200	527	0.0277544854061383	0.0229468899705852	0.0004636407145169	4.92861397417029	4	Greater Than 3 Cell Types	K562__TCF7L2	1650
K562	ATF2	0.0	20210817_ENCODE_v1_roundRobin_allRandomRatios_binary_revcomp99	0.6540265454487281	200	9590	0.9897210210742334	0.966817776573659	0.0084370293210962	6.276470267128333	2	2	K562__ATF2	32953
GM12878	IKZF1	0.0	20210817_ENCODE_v1_roundRobin_allRandomRatios_binary_revcomp99	0.6367229604420436	200	19955	0.8990306418753563	0.8800396951805516	0.0175558832223645	5.180639305239263	2	2	GM12878__IKZF1	50617
GM12878	NFIC	0.0	20210817_ENCODE_v1_roundRobin_allRandomRatios_binary_revcomp99	0.4093489732629709	200	6886	0.7335074008240093	0.7314649702912129	0.0060581213665348	6.078316985586559	3	3	GM12878__NFIC	20311
K562	MAZ	0.0	20210817_ENCODE_v1_roundRobin_allRandomRatios_binary_revcomp99	0.6298959637554622	200	9338	0.8859789969951064	0.8860873298988682	0.0082153263608338	6.260651867930244	5	Greater Than 3 Cell Types	K562__MAZ	26314
MCF-7	RFX1	0.0	20210817_ENCODE_v1_roundRobin_allRandomRatios_binary_revcomp99	0.5763666384571163	200	6479	0.9939228514150448	0.9819972273068264	0.005700053490238	6.6598675630779525	2	2	MCF-7__RFX1	21589
SK-N-SH	MAX	0.0	20210817_ENCODE_v1_roundRobin_allRandomRatios_binary_revcomp99	0.5720548939440291	200	9609	0.8761840176929401	0.8334865502010246	0.0084537450204811	6.080419184462336	6	Greater Than 3 Cell Types	SK-N-SH__MAX	32744
K562	NFXL1	0.0	20210817_ENCODE_v1_roundRobin_allRandomRatios_binary_revcomp99	0.0467779837756667	200	1473	0.1963334889801795	0.1124081926957808	0.0012959065891527	5.173796044489911	2	2	K562__NFXL1	3644
A549	NFE2L2	0.0	20210817_ENCODE_v1_roundRobin_allRandomRatios_binary_revcomp99	0.4966537402146005	200	1200	0.9686574074074076	0.917048611111111	0.0010557283822018	8.877857860105754	2	2	A549__NFE2L2	7874
MCF-7	GATAD2B	0.0	20210817_ENCODE_v1_roundRobin_allRandomRatios_binary_revcomp99	0.1409215758381152	200	1490	0.4035861661542066	0.2790449214357127	0.0013108627412339	6.748232071859678	2	2	MCF-7__GATAD2B	7097
GM12878	MXI1	0.0	20210817_ENCODE_v1_roundRobin_allRandomRatios_binary_revcomp99	0.5384238965531564	200	5169	0.8223017315514108	0.7845371920104165	0.0045475500063343	6.887509129128386	4	Greater Than 3 Cell Types	GM12878__MXI1	15901
GM12878	FOXK2	0.0	20210817_ENCODE_v1_roundRobin_allRandomRatios_binary_revcomp99	0.1653932445217335	200	989	0.3713803896288197	0.2450742214251908	0.0008700961416646	7.570509772565735	4	Greater Than 3 Cell Types	GM12878__FOXK2	4314
K562	CREM	0.0	20210817_ENCODE_v1_roundRobin_allRandomRatios_binary_revcomp99	0.6424070740867379	200	10258	0.9717394094495182	0.947365953344845	0.0090247181205219	6.1534620981130725	2	2	K562__CREM	35003
HepG2	TCF7L2	0.0	20210817_ENCODE_v1_roundRobin_allRandomRatios_binary_revcomp99	0.3035408233308561	200	821	0.7372907088824375	0.6591311679523616	0.0007222941681564	8.715088320818873	4	Greater Than 3 Cell Types	HepG2__TCF7L2	2614
GM12878	ARNT	0.0	20210817_ENCODE_v1_roundRobin_allRandomRatios_binary_revcomp99	0.334264150375601	200	3512	0.6318589728268371	0.5867502260734195	0.003089765065244	6.757347679975803	3	3	GM12878__ARNT	10282
K562	TBP	0.0	20210817_ENCODE_v1_roundRobin_allRandomRatios_binary_revcomp99	0.5368339253707258	200	5999	0.8269989079346877	0.8251376397293316	0.0052777621373573	6.668405704181714	2	2	K562__TBP	17049
HepG2	TCF7	0.0	20210817_ENCODE_v1_roundRobin_allRandomRatios_binary_revcomp99	0.3957349419922595	200	3660	0.906527766561684	0.804934510114083	0.0032199715657155	6.941342697034637	2	2	HepG2__TCF7	15686
GM12878	TCF12	0.0	20210817_ENCODE_v1_roundRobin_allRandomRatios_binary_revcomp99	0.2568969981762652	200	3164	0.519689959705354	0.4832414662620045	0.0027836038344054	6.528092322486605	3	3	GM12878__TCF12	13043
MCF-7	MNT	0.0	20210817_ENCODE_v1_roundRobin_allRandomRatios_binary_revcomp99	0.0005785891751045	200	208	0.0002130769256745	0.0003104991414489	0.0001829929195816	1.6607515035736	2	2	MCF-7__MNT	605
HepG2	ZKSCAN1	0.0	20210817_ENCODE_v1_roundRobin_allRandomRatios_binary_revcomp99	0.2911448544691635	200	1445	0.8115297898948418	0.7061256687620638	0.0012712729269013	7.83931951864154	2	2	HepG2__ZKSCAN1	6298
K562	PKNOX1	0.0	20210817_ENCODE_v1_roundRobin_allRandomRatios_binary_revcomp99	0.5632906955036403	200	14658	0.9508420621945836	0.9221244988104994	0.0128957221885953	5.448915166608232	3	3	K562__PKNOX1	40990
GM12878	ATF7	0.0	20210817_ENCODE_v1_roundRobin_allRandomRatios_binary_revcomp99	0.6083648041147066	200	10562	0.9724725045492554	0.9337897855510336	0.0092921693106797	6.0327774392128095	3	3	GM12878__ATF7	33634
K562	MNT	0.0	20210817_ENCODE_v1_roundRobin_allRandomRatios_binary_revcomp99	0.5826961320797835	200	9328	0.9413964649292028	0.8834596761772869	0.0082065286243155	6.1498278353626015	2	2	K562__MNT	21545
GM12878	CEBPB	0.0	20210817_ENCODE_v1_roundRobin_allRandomRatios_binary_revcomp99	0.3507053497270628	200	336	0.944991819827346	0.8474152930402931	0.0002956039470165	10.212378189542688	6	Greater Than 3 Cell Types	GM12878__CEBPB	1480
K562	GATAD2B	0.0	20210817_ENCODE_v1_roundRobin_allRandomRatios_binary_revcomp99	0.2916656543363938	200	4550	0.6264424020867577	0.5652173913043478	0.0040029701158485	6.187100853282842	2	2	K562__GATAD2B	10525
MCF-7	E2F8	0.0	20210817_ENCODE_v1_roundRobin_allRandomRatios_binary_revcomp99	0.1115940629268559	200	322	0.179223880700827	0.1642037189863276	0.0002832871158908	8.621779570654798	2	2	MCF-7__E2F8	1193
Panc1	TCF7L2	0.0	20210817_ENCODE_v1_roundRobin_allRandomRatios_binary_revcomp99	0.3356248318871396	200	5705	0.6384487897121832	0.6064360855286075	0.0050191086837178	6.063274463697588	4	Greater Than 3 Cell Types	Panc1__TCF7L2	13397
K562	ZNF24	0.0	20210817_ENCODE_v1_roundRobin_allRandomRatios_binary_revcomp99	0.3686785073773733	200	10542	0.8541410099012723	0.6884519854209515	0.009274573837643	5.312938512668616	3	3	K562__ZNF24	21954
A549	MAZ	0.0	20210817_ENCODE_v1_roundRobin_allRandomRatios_binary_revcomp99	0.1666508474350701	200	604	0.3031338810018579	0.2215485684755562	0.0005313832857082	8.292860088794688	5	Greater Than 3 Cell Types	A549__MAZ	3161
HepG2	YBX1	0.0	20210817_ENCODE_v1_roundRobin_allRandomRatios_binary_revcomp99	0.1678877069083469	200	344	0.2861317161186848	0.3157767849024979	0.0003026421362311	9.115668016683763	2	2	HepG2__YBX1	2800
GM12878	PBX3	0.0	20210817_ENCODE_v1_roundRobin_allRandomRatios_binary_revcomp99	0.1855848011352972	200	581	0.5686779154432857	0.5134862204322655	0.000511148491716	8.504120383713484	2	2	GM12878__PBX3	2972
K562	ZKSCAN1	0.0	20210817_ENCODE_v1_roundRobin_allRandomRatios_binary_revcomp99	0.4036039727356641	200	4676	0.6734824318527529	0.6523043615310579	0.0041138215959797	6.616317335064948	2	2	K562__ZKSCAN1	11379
MCF-7	TCF12	0.0	20210817_ENCODE_v1_roundRobin_allRandomRatios_binary_revcomp99	0.2881993184175036	200	2360	0.5064377682403434	0.5108225108225108	0.0020762658183302	7.116931953752622	3	3	MCF-7__TCF12	9183
GM12878	RFX5	0.0	20210817_ENCODE_v1_roundRobin_allRandomRatios_binary_revcomp99	0.3644147994709647	200	1110	0.7240110026294237	0.6754563710391931	0.0009765487535366	8.543673763672022	5	Greater Than 3 Cell Types	GM12878__RFX5	4268
K562	ARNT	0.0	20210817_ENCODE_v1_roundRobin_allRandomRatios_binary_revcomp99	0.2508724565749298	200	1594	0.5986728630776211	0.4749261783670536	0.0014023592010247	7.482954345582968	3	3	K562__ARNT	3222
MCF-7	FOXA1	0.0	20210817_ENCODE_v1_roundRobin_allRandomRatios_binary_revcomp99	0.4871218034152784	200	7105	0.954490755967132	0.9161934652963232	0.0062507917962866	6.284099799473928	3	3	MCF-7__FOXA1	34532
K562	FOXK2	0.0	20210817_ENCODE_v1_roundRobin_allRandomRatios_binary_revcomp99	0.4817998634779798	200	6813	0.8948025131415573	0.8195306917620838	0.0059938978899508	6.328795667763086	4	Greater Than 3 Cell Types	K562__FOXK2	16479
MCF-7	PKNOX1	0.0	20210817_ENCODE_v1_roundRobin_allRandomRatios_binary_revcomp99	0.5560037715889599	200	6229	0.9571320324918436	0.91083332500724	0.0054801100772793	6.664745986669261	3	3	MCF-7__PKNOX1	24978
MCF-7	TCF7L2	0.0	20210817_ENCODE_v1_roundRobin_allRandomRatios_binary_revcomp99	0.2300813403620261	200	3078	0.6111310048233893	0.4968444763244774	0.0027079433003476	6.408802643565806	4	Greater Than 3 Cell Types	MCF-7__TCF7L2	9488
MCF-7	ZBTB40	0.0	20210817_ENCODE_v1_roundRobin_allRandomRatios_binary_revcomp99	0.4404770209506622	200	3505	0.9833313387168168	0.9334664891087706	0.0030836066496811	7.158304203310793	3	3	MCF-7__ZBTB40	12433
GM12878	MAZ	0.0	20210817_ENCODE_v1_roundRobin_allRandomRatios_binary_revcomp99	0.5823900618435729	200	5596	0.8182549318473475	0.8032326916884737	0.0049232133556678	6.886241664222847	5	Greater Than 3 Cell Types	GM12878__MAZ	17059
HepG2	RFX5	0.0	20210817_ENCODE_v1_roundRobin_allRandomRatios_binary_revcomp99	0.2968568936265912	200	1199	0.588259705284577	0.6073961274835629	0.0010548486085499	8.136587846836814	5	Greater Than 3 Cell Types	HepG2__RFX5	6003
HepG2	MAX	0.0	20210817_ENCODE_v1_roundRobin_allRandomRatios_binary_revcomp99	0.5878505915314359	200	9016	0.8637715108311461	0.8408753674711794	0.007932039244943	6.2116138996327	6	Greater Than 3 Cell Types	HepG2__MAX	30678
K562	E2F8	0.0	20210817_ENCODE_v1_roundRobin_allRandomRatios_binary_revcomp99	0.4324081146526825	200	4275	0.8288906350251836	0.7671147756824522	0.003761032361594	6.8451210669691065	2	2	K562__E2F8	8797
K562	ATF7	0.0	20210817_ENCODE_v1_roundRobin_allRandomRatios_binary_revcomp99	0.5317983685018148	200	14201	0.9430040230077176	0.8971275450286412	0.0124936656297067	5.411610621644515	3	3	K562__ATF7	30105
K562	ZNF592	0.0	20210817_ENCODE_v1_roundRobin_allRandomRatios_binary_revcomp99	0.3993510940229924	200	14024	0.6996107805801667	0.6300179686182292	0.012337945693332	5.016483559609952	2	2	K562__ZNF592	27035
HepG2	TBP	0.0	20210817_ENCODE_v1_roundRobin_allRandomRatios_binary_revcomp99	0.5202546842301854	200	3936	0.7657222824432159	0.7505525311564457	0.0034627890936219	7.231139718723865	2	2	HepG2__TBP	14285
A549	JUN	0.0	20210817_ENCODE_v1_roundRobin_allRandomRatios_binary_revcomp99	0.4766682630185053	200	8169	0.7101128917784064	0.6623782037165193	0.0071868709618389	6.051477979382299	3	3	A549__JUN	21271
K562	USF2	0.0	20210817_ENCODE_v1_roundRobin_allRandomRatios_binary_revcomp99	0.5122975623296465	200	865	1.001156069364162	0.936021736801806	0.0007610042088371	9.394861878909609	5	Greater Than 3 Cell Types	K562__USF2	3419
MCF-7	FOXM1	0.0	20210817_ENCODE_v1_roundRobin_allRandomRatios_binary_revcomp99	0.236510087951528	200	1362	0.4826944843743875	0.4364658734800995	0.001198251713799	7.62482690708011	4	Greater Than 3 Cell Types	MCF-7__FOXM1	5968
K562	MXI1	0.0	20210817_ENCODE_v1_roundRobin_allRandomRatios_binary_revcomp99	0.3670877031761002	200	2709	0.61654029122125	0.5433597835194016	0.0023833068228206	7.267016283589105	4	Greater Than 3 Cell Types	K562__MXI1	7638
MCF-7	MAX	0.0	20210817_ENCODE_v1_roundRobin_allRandomRatios_binary_revcomp99	0.5147720607559071	200	6215	0.7193154183190411	0.7203470737478179	0.0054677932461536	6.556831251911302	6	Greater Than 3 Cell Types	MCF-7__MAX	23844
GM12878	E2F8	0.0	20210817_ENCODE_v1_roundRobin_allRandomRatios_binary_revcomp99	0.238226550778364	200	1413	0.4119108377635456	0.4310749545962542	0.0012431201700426	7.582224637205383	2	2	GM12878__E2F8	4308
K562	MYC	0.0	20211007_roundRobin_GEO_binary_revcomp99	0.6017841148869296	200	9900	0.9594294980755328	0.9098895579530354	0.008709759153165	6.1104693893497535	5	Greater Than 3 Cell Types	K562__MYC	26025
HepG2	ELF1	0.0	20211007_roundRobin_GEO_binary_revcomp99	0.6280863579411036	200	4323	0.981882773530174	0.9775396843730684	0.003803261496882	7.367581987807257	6	Greater Than 3 Cell Types	HepG2__ELF1	20410
GM12878	ATF3	0.0	20211007_roundRobin_GEO_binary_revcomp99	0.2042675270861146	200	3662	0.4216647252033058	0.3595382741959642	0.0032217311130192	5.986479972118248	3	3	GM12878__ATF3	17047
K562	ZNF143	0.0	20211007_roundRobin_GEO_binary_revcomp99	0.5927773790444064	200	7347	0.915485179642178	0.9031658154268988	0.0064636970200306	6.5189870091914575	3	3	K562__ZNF143	23079
GM23338	ETS1	0.0	20211007_roundRobin_GEO_binary_revcomp99	0.3458274082973459	200	2540	0.6850521509372477	0.6381909547738693	0.0022346250756605	7.273875606002525	4	Greater Than 3 Cell Types	GM23338__ETS1	8632
HepG2	ATF3	0.0	20211007_roundRobin_GEO_binary_revcomp99	0.1574144021336547	200	612	0.5085316439872852	0.3743565737900477	0.0005384214749229	8.191615873432891	3	3	HepG2__ATF3	3584
GM23338	POU5F1	0.0	20211007_roundRobin_GEO_binary_revcomp99	0.2625195016527757	200	1597	0.6957178003951917	0.6401204668391789	0.0014049985219802	7.545712176516014	2	2	GM23338__POU5F1	6758
K562	SRF	0.0	20211007_roundRobin_GEO_binary_revcomp99	0.4871227792107777	200	5837	0.904475873455046	0.8389207829827658	0.00513523880576	6.567710270705216	4	Greater Than 3 Cell Types	K562__SRF	21816
K562	ATF3	0.0	20211007_roundRobin_GEO_binary_revcomp99	0.5066301333585039	200	15039	0.7495259169974587	0.7188187331479056	0.0132309159499443	5.258948043161468	3	3	K562__ATF3	41323
A549	GATA3	0.0	20211007_roundRobin_GEO_binary_revcomp99	0.4312716704208518	200	3347	0.8486115613111301	0.7953569156752529	0.0029446024126912	7.194380289472909	3	3	A549__GATA3	13901
K562	YY1	0.0	20211007_roundRobin_GEO_binary_revcomp99	0.7408672175630732	200	25002	0.9976276060556396	0.9924801650668856	0.021996100843175	5.073895286678488	5	Greater Than 3 Cell Types	K562__YY1	88816
HepG2	NR2F2	0.0	20211007_roundRobin_GEO_binary_revcomp99	0.3366351263721547	200	2782	0.6931938426253538	0.6178222397279075	0.0024475302994045	7.103715193179585	2	2	HepG2__NR2F2	11529
HCT116	ZFX	0.0	20211007_roundRobin_GEO_binary_revcomp99	0.6550093131213728	200	3946	0.9566429325441798	0.9449638531474576	0.0034715868301403	7.55977635316306	3	3	HCT116__ZFX	8235
SK-N-SH	MEF2A	0.0	20211007_roundRobin_GEO_binary_revcomp99	0.275656321865425	200	2077	0.585368240174321	0.5652991420182013	0.0018272898748609	7.237021361954374	2	2	SK-N-SH__MEF2A	7960
HepG2	TEAD4	0.0	20211007_roundRobin_GEO_binary_revcomp99	0.6576202737410953	200	13021	0.9774812337651012	0.9581250252930148	0.0114555327205416	5.843138321020985	5	Greater Than 3 Cell Types	HepG2__TEAD4	59475
WA09	ZNF143	0.0	20211007_roundRobin_GEO_binary_revcomp99	0.4353239460700493	200	7137	0.9223444074243302	0.808641030152086	0.0062789445531453	6.115423498584641	3	3	WA09__ZNF143	29516
MCF-7	GABPA	0.0	20211007_roundRobin_GEO_binary_revcomp99	0.5741135237023656	200	3442	0.9944748948900954	0.9250673298250116	0.0030281809096155	7.566740832217028	5	Greater Than 3 Cell Types	MCF-7__GABPA	10623
HEK293T	SP1	0.0	20211007_roundRobin_GEO_binary_revcomp99	0.0355038335565083	200	187	0.0667841040159379	0.0613874124872657	0.0001645176728931	7.753588428886693	6	Greater Than 3 Cell Types	HEK293T__SP1	729
A549	CTCF	0.0	20211007_roundRobin_GEO_binary_revcomp99	0.7717710612719398	200	9761	0.9959661367002736	0.9969898429450378	0.00858747061556	6.489795881273095	15	Greater Than 3 Cell Types	A549__CTCF	34869
SK-N-SH	ELF1	0.0	20211007_roundRobin_GEO_binary_revcomp99	0.5587030564562387	200	2491	0.9765739505477594	0.91593472143976	0.0021915161667206	7.994008580934079	6	Greater Than 3 Cell Types	SK-N-SH__ELF1	9620
K562	EGR1	0.0	20211007_roundRobin_GEO_binary_revcomp99	0.53783160866795	200	10335	0.9053287943575892	0.8913287130611297	0.0090924606917132	5.886339951807824	4	Greater Than 3 Cell Types	K562__EGR1	30720
K562	USF1	0.0	20211007_roundRobin_GEO_binary_revcomp99	0.61329756902529	200	15510	0.9961760719067368	0.9798295658063548	0.0136452893399586	5.490112340959663	4	Greater Than 3 Cell Types	K562__USF1	63225
A549	JUNB	0.0	20211007_roundRobin_GEO_binary_revcomp99	0.5467743161920086	200	5047	0.920091249942845	0.8954433412964479	0.0044402176208105	6.9441712794676205	4	Greater Than 3 Cell Types	A549__JUNB	16024
K562	JUNB	0.0	20211007_roundRobin_GEO_binary_revcomp99	0.1871130731137552	200	1293	0.6467151112829768	0.4403755400956337	0.0011375473318224	7.361839974131526	4	Greater Than 3 Cell Types	K562__JUNB	2900
K562	NFYA	0.0	20211007_roundRobin_GEO_binary_revcomp99	0.5845602463586266	200	2603	0.9777997210688892	0.9458338091196082	0.0022900508157261	7.995828298479292	2	2	K562__NFYA	10277
HCT116	EGR1	0.0	20211007_roundRobin_GEO_binary_revcomp99	0.4313177499781884	200	4365	0.746618175118558	0.7101787965786411	0.0038402119902591	6.811421324282971	4	Greater Than 3 Cell Types	HCT116__EGR1	12116
Jurkat	RUNX1	0.0	20211007_roundRobin_GEO_binary_revcomp99	0.5893099667684423	200	10265	0.9361058188025028	0.8883549596217908	0.0090308765360847	6.028016833549932	3	3	Jurkat__RUNX1	45996
HepG2	REST	0.0	20211007_roundRobin_GEO_binary_revcomp99	0.4001020904852196	200	2198	0.9911345043032942	0.9822861830888134	0.001933742486733	7.692828670076145	10	Greater Than 3 Cell Types	HepG2__REST	10739
K562	GABPA	0.0	20211007_roundRobin_GEO_binary_revcomp99	0.6403809484829565	200	10849	0.996376193159103	0.9872950442442918	0.0095446643487563	6.0680921135089685	5	Greater Than 3 Cell Types	K562__GABPA	38779
HepG2	USF1	0.0	20211007_roundRobin_GEO_binary_revcomp99	0.6123506985567426	200	3219	0.9878077316909792	0.95550553838215	0.0028319913852564	7.756397446507763	4	Greater Than 3 Cell Types	HepG2__USF1	19036
MCF-7	CTCF	0.0	20211007_roundRobin_GEO_binary_revcomp99	0.7867368781259447	200	11696	0.9915534225343476	0.9924023552468068	0.0102898326318604	6.256589789678062	15	Greater Than 3 Cell Types	MCF-7__CTCF	49077
SK-N-SH	TEAD4	0.0	20211007_roundRobin_GEO_binary_revcomp99	0.6280171612720451	200	16547	0.9661402348929108	0.9500574263646544	0.0145576146169113	5.430958100167781	5	Greater Than 3 Cell Types	SK-N-SH__TEAD4	68725
MCF-7	MYC	0.0	20211007_roundRobin_GEO_binary_revcomp99	0.1959341432922544	200	4696	0.6612050349328492	0.5353530880399099	0.0041314170690164	5.567588303444342	5	Greater Than 3 Cell Types	MCF-7__MYC	18527
HCT116	TEAD4	0.0	20211007_roundRobin_GEO_binary_revcomp99	0.3015769253824547	200	1335	0.6348533941090121	0.5887155000637337	0.0011744978251995	8.004338195445326	5	Greater Than 3 Cell Types	HCT116__TEAD4	6598
MV4-11	RUNX1	0.0	20211007_roundRobin_GEO_binary_revcomp99	0.6370276862509006	200	11495	0.966371999566739	0.922190995138976	0.0101129981278416	5.977073404506866	3	3	MV4-11__RUNX1	53904
K562	POU5F1	0.0	20211007_roundRobin_GEO_binary_revcomp99	0.009458998252403	200	448	0.0083249582579272	0.0075372678840195	0.000394138596022	4.584912466779403	2	2	K562__POU5F1	1401
HCT116	ELF1	0.0	20211007_roundRobin_GEO_binary_revcomp99	0.2791795720048017	200	897	0.6773008123426184	0.622724261860463	0.0007891569656958	8.466665380707546	6	Greater Than 3 Cell Types	HCT116__ELF1	3597
MCF-7	SP1	0.0	20211007_roundRobin_GEO_binary_revcomp99	0.0660061500972545	200	328	0.2355789823882893	0.2076733274850437	0.0002885657578018	7.837556528189754	6	Greater Than 3 Cell Types	MCF-7__SP1	1685
HeLa	CTCF	0.0	20211007_roundRobin_GEO_binary_revcomp99	0.7023547162649855	200	18213	0.997834410281416	0.9972906509001044	0.0160233175208682	5.453955047153735	15	Greater Than 3 Cell Types	HeLa__CTCF	65639
GM12878	ELF1	0.0	20211007_roundRobin_GEO_binary_revcomp99	0.7006905842025173	200	9037	0.995640072864634	0.9891018197721084	0.0079505144916315	6.461585476645451	6	Greater Than 3 Cell Types	GM12878__ELF1	30534
GM12878	ETS1	0.0	20211007_roundRobin_GEO_binary_revcomp99	0.4038925142440165	200	2291	0.7171377835644811	0.680741087612786	0.0020155614363536	7.646645838445307	4	Greater Than 3 Cell Types	GM12878__ETS1	9806
SK-N-SH	GABPA	0.0	20211007_roundRobin_GEO_binary_revcomp99	0.5825239609161361	200	2920	1.0001712328767125	0.9545608183481326	0.0025689390633577	7.825000913905651	5	Greater Than 3 Cell Types	SK-N-SH__GABPA	9897
HCT116	SP1	0.0	20211007_roundRobin_GEO_binary_revcomp99	0.3674816597339463	200	8464	0.6609530811827772	0.6253067336955758	0.0074464041891302	5.624984512055788	6	Greater Than 3 Cell Types	HCT116__SP1	26023
GM12878	YY1	0.0	20211007_roundRobin_GEO_binary_revcomp99	0.5736801224229775	200	7994	0.990136212581272	0.9557962197473968	0.0070329105727678	6.34998084757122	5	Greater Than 3 Cell Types	GM12878__YY1	31575
K562	CTCF	0.0	20211007_roundRobin_GEO_binary_revcomp99	0.744347695337785	200	12140	0.9967623626002649	0.9959426567099684	0.0106804521332751	6.122932055310038	15	Greater Than 3 Cell Types	K562__CTCF	54269
GM12878	EGR1	0.0	20211007_roundRobin_GEO_binary_revcomp99	0.1850375733819458	200	629	0.4772669434847744	0.3485917758010274	0.0005533776270041	8.385338218967778	4	Greater Than 3 Cell Types	GM12878__EGR1	2373
GM12878	ZNF143	0.0	20211007_roundRobin_GEO_binary_revcomp99	0.6045989667103392	200	8105	0.9644300373323744	0.926830630904972	0.0071305654481215	6.405818217339741	3	3	GM12878__ZNF143	24219
SK-N-SH	GATA3	0.0	20211007_roundRobin_GEO_binary_revcomp99	0.5140492647924857	200	16429	0.94594363175734	0.9022252583318686	0.0144538013259948	5.15238575503088	3	3	SK-N-SH__GATA3	65979
HCT116	ATF3	0.0	20211007_roundRobin_GEO_binary_revcomp99	0.0930749523345413	200	745	0.1970226316273718	0.1770053687550745	0.0006554313706169	7.14980443642283	3	3	HCT116__ATF3	2855
MCF-7	JUND	0.0	20211007_roundRobin_GEO_binary_revcomp99	0.3791946631566059	200	2371	0.8490999874077962	0.7596474738870511	0.0020859433285004	7.50609488660189	6	Greater Than 3 Cell Types	MCF-7__JUND	9390
GM12878	MYC	0.0	20211007_roundRobin_GEO_binary_revcomp99	0.4636080586037751	200	2359	0.7854014341202209	0.741482149212378	0.0020753860446784	7.803382115186824	5	Greater Than 3 Cell Types	GM12878__MYC	10444
HCT116	USF1	0.0	20211007_roundRobin_GEO_binary_revcomp99	0.378488004754346	200	1874	0.8035468740409681	0.8105609472287792	0.0016486958235385	7.842778515022636	4	Greater Than 3 Cell Types	HCT116__USF1	7642
SK-N-SH	YY1	0.0	20211007_roundRobin_GEO_binary_revcomp99	0.4766629006762597	200	3245	0.8908476028926153	0.8572749575007971	0.0028548655002041	7.383402754382068	5	Greater Than 3 Cell Types	SK-N-SH__YY1	9955
HEK293T	ZFX	0.0	20211007_roundRobin_GEO_binary_revcomp99	0.4488171461804806	200	9105	0.94397054444586	0.901137518078598	0.0080103390999563	5.808120664889577	3	3	HEK293T__ZFX	12476
MCF-7	GATA3	0.0	20211007_roundRobin_GEO_binary_revcomp99	0.5354255640118389	200	11260	0.9353649160944832	0.8909486517035362	0.0099062513196604	5.756202989863376	3	3	MCF-7__GATA3	41146
HepG2	ZEB1	0.0	20211007_roundRobin_GEO_binary_revcomp99	0.1626514872006521	200	1522	0.5101007402643806	0.4181702389647665	0.0013390154980926	6.924467544603735	2	2	HepG2__ZEB1	4927
LoVo	JUND	0.0	20211007_roundRobin_GEO_binary_revcomp99	0.5772551392738814	200	13463	0.9361458766827674	0.8879696933077023	0.0118443926746526	5.606932981400917	6	Greater Than 3 Cell Types	LoVo__JUND	47589
WA09	CTCF	0.0	20211007_roundRobin_GEO_binary_revcomp99	0.7110871937379618	200	19584	0.9979888191592936	0.9990056171892946	0.0172294871975338	5.367074806138288	15	Greater Than 3 Cell Types	WA09__CTCF	70661
K562	ELF1	0.0	20211007_roundRobin_GEO_binary_revcomp99	0.5088615930540189	200	4713	0.9752379393809006	0.9292324252023272	0.0041463732210976	6.939279514665025	6	Greater Than 3 Cell Types	K562__ELF1	11048
GM12878	JUNB	0.0	20211007_roundRobin_GEO_binary_revcomp99	0.4836571662663013	200	7900	0.9146075364691438	0.8524246371671759	0.0069502118494953	6.120784011683793	4	Greater Than 3 Cell Types	GM12878__JUNB	29649
K562	SP1	0.0	20211007_roundRobin_GEO_binary_revcomp99	0.559000454146969	200	3594	0.8951245348798578	0.8392775629396634	0.0031619065046944	7.465910936057556	6	Greater Than 3 Cell Types	K562__SP1	9039
GM12878	RXRA	0.0	20211007_roundRobin_GEO_binary_revcomp99	0.2953313364948801	200	4388	0.4989230056128415	0.468537885218709	0.0038604467842513	6.257422807537584	2	2	GM12878__RXRA	20840
MCF-7	REST	0.0	20211007_roundRobin_GEO_binary_revcomp99	0.4736405120566383	200	1691	1.0002956830277945	0.9886643358656796	0.0014876972452527	8.314567714779491	10	Greater Than 3 Cell Types	MCF-7__REST	7235
K562	JUND	0.0	20211007_roundRobin_GEO_binary_revcomp99	0.5338937189346413	200	11879	0.9458133335365392	0.8728949335184436	0.0104508312101462	5.674862979134122	6	Greater Than 3 Cell Types	K562__JUND	40301
HEK293	SP1	0.0	20211007_roundRobin_GEO_binary_revcomp99	0.649123264108603	200	4207	0.9502259616929652	0.9334443211149224	0.0037012077532692	7.454352533895498	6	Greater Than 3 Cell Types	HEK293__SP1	13444
MCF-7	NR2F2	0.0	20211007_roundRobin_GEO_binary_revcomp99	0.6435109632751733	200	19729	0.9445215438328102	0.9117198209892368	0.0173570543770498	5.212370689909316	2	2	MCF-7__NR2F2	91348
HCT116	SRF	0.0	20211007_roundRobin_GEO_binary_revcomp99	0.2168416137056428	200	2805	0.5323669259726224	0.4382625462086358	0.0024677650933967	6.457292767333743	4	Greater Than 3 Cell Types	HCT116__SRF	8122
MCF-7	EGR1	0.0	20211007_roundRobin_GEO_binary_revcomp99	0.3658309778405028	200	1403	0.6931445397365312	0.6079750316719434	0.0012343224335243	8.211314125603977	4	Greater Than 3 Cell Types	MCF-7__EGR1	5834
HepG2	JUND	0.0	20211007_roundRobin_GEO_binary_revcomp99	0.3500121450812977	200	6206	0.8985940980943811	0.7238228467174919	0.0054598752832871	6.002393175927745	6	Greater Than 3 Cell Types	HepG2__JUND	35100
GM12878	SP1	0.0	20211007_roundRobin_GEO_binary_revcomp99	0.4978442822484973	200	3463	0.8094191561703338	0.7352756135019864	0.0030466561563041	7.352324063068387	6	Greater Than 3 Cell Types	GM12878__SP1	14390
MCF-7	TEAD4	0.0	20211007_roundRobin_GEO_binary_revcomp99	0.2780499408775991	200	1733	0.5762764819069823	0.4972126184476154	0.0015246477386298	7.510724265633287	5	Greater Than 3 Cell Types	MCF-7__TEAD4	8313
HCT116	REST	0.0	20211007_roundRobin_GEO_binary_revcomp99	0.6144022486855784	200	624	0.9150179110105582	0.875700557511737	0.0005489787587449	10.128217451822144	10	Greater Than 3 Cell Types	HCT116__REST	2881
LoVo	CTCF	0.0	20211007_roundRobin_GEO_binary_revcomp99	0.6688174701584388	200	8662	0.984183791063986	0.97971756603801	0.0076205993721935	6.455564249846006	15	Greater Than 3 Cell Types	LoVo__CTCF	32027
HepG2	SP1	0.0	20211007_roundRobin_GEO_binary_revcomp99	0.0447352401338578	200	149	0.0695228569130314	0.0628059790775387	0.0001310862741233	8.414751319695364	6	Greater Than 3 Cell Types	HepG2__SP1	1020
GM12878	REST	0.0	20211007_roundRobin_GEO_binary_revcomp99	0.5363661711783996	200	847	1.000590318772137	0.9888186921895418	0.0007451682831041	9.491436263860384	10	Greater Than 3 Cell Types	GM12878__REST	3626
SK-N-SH	RXRA	0.0	20211007_roundRobin_GEO_binary_revcomp99	0.1762098812311735	200	2526	0.420049964648591	0.3347092194347758	0.0022223082445348	6.309092078423772	2	2	SK-N-SH__RXRA	9137
GM12878	SRF	0.0	20211007_roundRobin_GEO_binary_revcomp99	0.3613766571441194	200	4451	0.8885362174756378	0.7421798778006417	0.0039158725243169	6.528025708363158	4	Greater Than 3 Cell Types	GM12878__SRF	15991
HepG2	GABPA	0.0	20211007_roundRobin_GEO_binary_revcomp99	0.5793533917695806	200	1656	0.9113862640311916	0.933524138808038	0.0014569051674385	8.635392843243158	5	Greater Than 3 Cell Types	HepG2__GABPA	7178
HeLa	YY1	0.0	20211007_roundRobin_GEO_binary_revcomp99	0.2798820235639324	200	2727	0.985792284861702	0.9316777224543428	0.0023991427485536	6.866156017074412	5	Greater Than 3 Cell Types	HeLa__YY1	11324
GM12878	GABPA	0.0	20211007_roundRobin_GEO_binary_revcomp99	0.4290430826743738	200	2809	0.9861894879121952	0.946114326890404	0.0024712841880041	7.439717789562663	5	Greater Than 3 Cell Types	GM12878__GABPA	9815
Panc1	CTCF	0.0	20211007_roundRobin_GEO_binary_revcomp99	0.6108041133423636	200	16844	0.990628699989956	0.9802501556576562	0.0148189073915063	5.365198791963965	15	Greater Than 3 Cell Types	Panc1__CTCF	35092
K562	NR2F2	0.0	20211007_roundRobin_GEO_binary_revcomp99	0.3535406977425595	200	5571	0.7221426825753009	0.6604142931639079	0.0049012190143719	6.17259187380462	2	2	K562__NR2F2	14096
K562	TEAD4	0.0	20211007_roundRobin_GEO_binary_revcomp99	0.496178012707206	200	9122	0.8772073870569503	0.8335497718358679	0.0080252952520375	5.95015952560299	5	Greater Than 3 Cell Types	K562__TEAD4	27661
Jurkat	REST	0.0	20211007_roundRobin_GEO_binary_revcomp99	0.4233580695447464	200	9124	0.919567496826098	0.7653395092224373	0.0080270547993412	5.720863831353188	10	Greater Than 3 Cell Types	Jurkat__REST	36865
K562	ETS1	0.0	20211007_roundRobin_GEO_binary_revcomp99	0.4624549571615439	200	4577	0.6868220248857063	0.647407570925725	0.0040267240044481	6.843562452644362	4	Greater Than 3 Cell Types	K562__ETS1	11673
GM23338	JUNB	0.0	20211007_roundRobin_GEO_binary_revcomp99	0.0150807421765833	200	188	0.0192309941635814	0.0153635251958421	0.0001653974465449	6.510626658321251	4	Greater Than 3 Cell Types	GM23338__JUNB	595
LoVo	EGR1	0.0	20211007_roundRobin_GEO_binary_revcomp99	0.1068973264342802	200	666	0.2896046547245895	0.267092272503959	0.000585929252122	7.51128357819162	4	Greater Than 3 Cell Types	LoVo__EGR1	3034
Panc1	ETS1	0.0	20211007_roundRobin_GEO_binary_revcomp99	0.4071515209510856	200	1356	0.7159472420897147	0.654093269921241	0.001192973071888	8.414860502929486	4	Greater Than 3 Cell Types	Panc1__ETS1	5206
SK-N-SH	USF1	0.0	20211007_roundRobin_GEO_binary_revcomp99	0.511131135643346	200	1356	1.0003687315634218	0.9857648240776368	0.001192973071888	8.742988187316016	4	Greater Than 3 Cell Types	SK-N-SH__USF1	6260
Jurkat	CTCF	0.0	20211007_roundRobin_GEO_binary_revcomp99	0.7871577076750025	200	18235	1.0000274213008664	1.0000274213008664	0.0160426725412085	5.616666304985684	15	Greater Than 3 Cell Types	Jurkat__CTCF	70137
SK-N-SH	REST	0.0	20211007_roundRobin_GEO_binary_revcomp99	0.3822317633311918	200	2788	0.9723965666487188	0.9398332185148648	0.0024528089413155	7.2838689993164065	10	Greater Than 3 Cell Types	SK-N-SH__REST	12494
MCF-7	ZFX	0.0	20211007_roundRobin_GEO_binary_revcomp99	0.4911468329331066	200	2555	0.9073204124261188	0.8071200031054219	0.002247821680438	7.77148299477139	3	3	MCF-7__ZFX	5562
HeLa	MYC	0.0	20211007_roundRobin_GEO_binary_revcomp99	0.409526543405588	200	7257	0.8399650744186814	0.7723830248528859	0.0063845173913655	6.003235582687219	5	Greater Than 3 Cell Types	HeLa__MYC	28464
HepG2	RXRA	0.0	20211007_roundRobin_GEO_binary_revcomp99	0.2583704301799335	200	2371	0.6593570736011725	0.5043436682673863	0.0020859433285004	6.952597193737238	2	2	HepG2__RXRA	11224
GM12878	NFYA	0.0	20211007_roundRobin_GEO_binary_revcomp99	0.4554119752656732	200	174	0.5014621365787695	0.6446892294593445	0.0001530806154192	11.53866490686332	2	2	GM12878__NFYA	644
GM12878	JUND	0.0	20211007_roundRobin_GEO_binary_revcomp99	0.2194789219587022	200	1476	0.5482227001098093	0.4659088883882156	0.0012985459101082	7.401041563031236	6	Greater Than 3 Cell Types	GM12878__JUND	6673
GM23338	REST	0.0	20211007_roundRobin_GEO_binary_revcomp99	0.456108214108885	200	1283	0.9852322781141954	0.970302776355613	0.0011287495953041	8.658506871426637	10	Greater Than 3 Cell Types	GM23338__REST	5983
GM12878	MEF2A	0.0	20211007_roundRobin_GEO_binary_revcomp99	0.6551720051465773	200	14222	0.9595269259643548	0.930706362091342	0.0125121408763953	5.710473146840829	2	2	GM12878__MEF2A	62829
Panc1	ZEB1	0.0	20211007_roundRobin_GEO_binary_revcomp99	0.2143004243338584	200	732	0.6383204136587831	0.4933109478863828	0.0006439943131431	8.378371042811851	2	2	Panc1__ZEB1	2273
GM12878	CTCF	0.0	20211007_roundRobin_GEO_binary_revcomp99	0.7382932340639903	200	8016	0.995136397842842	0.9878107710680952	0.0070522655931082	6.709963318515967	15	Greater Than 3 Cell Types	GM12878__CTCF	42705
MCF-7	SRF	0.0	20211007_roundRobin_GEO_binary_revcomp99	0.3321259336308361	200	2066	0.6243327962912109	0.6036152163038996	0.0018176123646908	7.513542013794461	4	Greater Than 3 Cell Types	MCF-7__SRF	7728
K562	RUNX1	0.0	20211007_roundRobin_GEO_binary_revcomp99	0.1344010056818236	200	1340	0.3843241420018552	0.3359462018266875	0.0011788966934587	6.832962822474259	3	3	K562__RUNX1	2944
HeLa	GABPA	0.0	20211007_roundRobin_GEO_binary_revcomp99	0.5991204662866519	200	2010	0.980826426595369	0.9758524450916152	0.001768345040188	8.404302505953847	5	Greater Than 3 Cell Types	HeLa__GABPA	7572
HCT116	JUND	0.0	20211007_roundRobin_GEO_binary_revcomp99	0.4968326746876548	200	6371	0.8112881721570046	0.8002638250235034	0.0056050379358398	6.4698921092396064	6	Greater Than 3 Cell Types	HCT116__JUND	21364
GM12878	USF1	0.0	20211007_roundRobin_GEO_binary_revcomp99	0.4572152758451401	200	1986	0.9902977483800748	0.9567625763286148	0.001747230472544	8.031659872577226	4	Greater Than 3 Cell Types	GM12878__USF1	10724
RPMI-8402	ZFX	0.0	20211007_roundRobin_GEO_binary_revcomp99	0.1934077218478083	200	363	0.5008307024467246	0.4689994458999284	0.000319357835616	9.24225583231482	3	3	RPMI-8402__ZFX	1292
HeLa	ZNF143	0.0	20211007_roundRobin_GEO_binary_revcomp99	0.3669862786678969	200	942	1.0005313496280552	1.0005313496280552	0.0008287467800284	8.790579047630729	3	3	HeLa__ZNF143	3809
SK-N-SH	JUND	0.0	20211007_roundRobin_GEO_binary_revcomp99	0.5798649757494896	200	9016	0.9204286223213304	0.9055778581099264	0.007932039244943	6.191881375353493	6	Greater Than 3 Cell Types	SK-N-SH__JUND	36594
SK-N-SH	CTCF	0.0	20211007_roundRobin_GEO_binary_revcomp99	0.7941780010956406	200	15597	1.000032057446945	1.000032057446945	0.0137218296476682	5.8549176322595455	15	Greater Than 3 Cell Types	SK-N-SH__CTCF	50089
IMR-90	CTCF	0.0	20211007_roundRobin_GEO_binary_revcomp99	0.7313262043556662	200	8747	1.000057162455699	1.000057162455699	0.0076953801325994	6.570378652486808	15	Greater Than 3 Cell Types	IMR-90__CTCF	43940
HCT116	CTCF	0.0	20211007_roundRobin_GEO_binary_revcomp99	0.7926588730593378	200	14358	0.9931093749067456	0.9944906252110552	0.0126317900930448	5.971569116559365	15	Greater Than 3 Cell Types	HCT116__CTCF	53497
Panc1	REST	0.0	20211007_roundRobin_GEO_binary_revcomp99	0.4015385174597483	200	1656	0.9882501105179864	0.9540452277072766	0.0014569051674385	8.106487601377118	10	Greater Than 3 Cell Types	Panc1__REST	5089
A549	MYC	0.0	20211007_roundRobin_GEO_binary_revcomp99	0.4069652174437099	200	1649	0.7194928446615797	0.7112501194932291	0.0014507467518756	8.131965986289504	5	Greater Than 3 Cell Types	A549__MYC	7512
THP-1	CTCF	0.0	20211007_roundRobin_GEO_binary_revcomp99	0.535601987929073	200	31810	0.995012513201964	0.9790794291520812	0.0279855998648667	4.258404738336246	15	Greater Than 3 Cell Types	THP-1__CTCF	87948
HepG2	YY1	0.0	20211007_roundRobin_GEO_binary_revcomp99	0.7535492420493562	200	12656	0.9922301507194966	0.985241414742592	0.0111344153376219	6.08060408038341	5	Greater Than 3 Cell Types	HepG2__YY1	52466
Jurkat	GATA3	0.0	20211007_roundRobin_GEO_binary_revcomp99	0.5582161940504793	200	13025	0.9731091358993216	0.9381209662224111	0.0114590518151489	5.606264400468882	3	3	Jurkat__GATA3	55089
K562	REST	0.0	20211007_roundRobin_GEO_binary_revcomp99	0.3563848049274656	200	10945	0.8191704657302669	0.4882077624367651	0.0096291226193324	5.209887666759447	10	Greater Than 3 Cell Types	K562__REST	32998
WA09	POU5F1	0.0	20211007_roundRobin_GEO_binary_revcomp99	0.485609016412508	200	5870	0.9304589861232194	0.8934550989345509	0.0051642713362706	6.555086595104581	2	2	WA09__POU5F1	28576
A549	REST	0.0	20211007_roundRobin_GEO_binary_revcomp99	0.3408432611631343	200	2045	0.990626757506149	0.9676090393661908	0.0017991371180022	7.565659506282011	10	Greater Than 3 Cell Types	A549__REST	5955
K562	MEF2A	0.0	20211007_roundRobin_GEO_binary_revcomp99	0.2153425042387691	200	1545	0.6471639692572767	0.4656158760353284	0.0013592502920848	7.307678157947888	2	2	K562__MEF2A	4934
GM12878	SPI1	0.0	20211007_roundRobin_GEO_binary_revcomp99	0.6643678221287292	200	26238	0.9962195925625792	0.986851010810878	0.0230835010768429	4.847048240373021	2	2	GM12878__SPI1	104036
LoVo	JUNB	0.0	20211007_roundRobin_GEO_binary_revcomp99	0.3145224488370572	200	2392	0.6031161686612855	0.5063983146001323	0.0021044185751889	7.223597492424426	4	Greater Than 3 Cell Types	LoVo__JUNB	10141
MCF-7	ELF1	0.0	20211007_roundRobin_GEO_binary_revcomp99	0.653022884238155	200	3811	0.9949085254290798	0.9746176473053484	0.0033528173871426	7.605615831411316	6	Greater Than 3 Cell Types	MCF-7__ELF1	15055
LoVo	NFYA	0.0	20211007_roundRobin_GEO_binary_revcomp99	0.4739380101867278	200	1000	1.001	0.9810728155339808	0.0008797736518348	9.07335026059589	2	2	LoVo__NFYA	3782
LoVo	ELF1	0.0	20211007_roundRobin_GEO_binary_revcomp99	0.1441985616575747	200	206	0.4794375263824398	0.371255309942162	0.0001812333722779	9.635992421381108	6	Greater Than 3 Cell Types	LoVo__ELF1	850
THP-1	RUNX1	0.0	20211007_roundRobin_GEO_binary_revcomp99	0.5604987454343305	200	9782	0.962721111614316	0.8939614693407648	0.0086059458622485	6.025233568923191	3	3	THP-1__RUNX1	35309
HepG2	ETS1	0.0	20211007_roundRobin_GEO_binary_revcomp99	0.1473051378878498	200	2006	0.1642281091623227	0.1878258053203763	0.0017648259455807	6.383138035126758	4	Greater Than 3 Cell Types	HepG2__ETS1	8422
GM12878	ZEB1	0.0	20211007_roundRobin_GEO_binary_revcomp99	0.5255497298241535	200	8707	0.886229746003994	0.8309932786170652	0.007660189186526	6.100303451200479	2	2	GM12878__ZEB1	37787
Jurkat	YY1	0.0	20211007_roundRobin_GEO_binary_revcomp99	0.5972941407270763	200	1368	1.0006217995610829	0.9717839076983966	0.00120353035571	8.95502522898017	5	Greater Than 3 Cell Types	Jurkat__YY1	4203
LoVo	REST	0.0	20211007_roundRobin_GEO_binary_revcomp99	0.2642451287094107	200	1955	0.960641690015248	0.8947242456550077	0.0017199574893371	7.263360158362912	10	Greater Than 3 Cell Types	LoVo__REST	8912
PC-3	CTCF	0.0	20211007_roundRobin_GEO_binary_revcomp99	0.7470227657359602	200	17477	0.9966038535353938	0.9960592593807216	0.0153758041131177	5.6024184436351705	15	Greater Than 3 Cell Types	PC-3__CTCF	55728
HepG2	MYC	0.0	20211007_roundRobin_GEO_binary_revcomp99	0.5978380669667384	200	6665	0.9330308798973368	0.8880666222481053	0.0058636913894793	6.671801777087437	5	Greater Than 3 Cell Types	HepG2__MYC	31595
HepG2	SRF	0.0	20211007_roundRobin_GEO_binary_revcomp99	0.3129267197538458	200	796	0.929154910766457	0.7674726320174434	0.0007002998268605	8.80363640455747	4	Greater Than 3 Cell Types	HepG2__SRF	5165
HepG2	CTCF	0.0	20211007_roundRobin_GEO_binary_revcomp99	0.7944260715530007	200	8761	0.9955216648630032	0.9955165168422908	0.0077076969637251	6.687469308261663	15	Greater Than 3 Cell Types	HepG2__CTCF	52052
GM23338	CTCF	0.0	20211007_roundRobin_GEO_binary_revcomp99	0.5577471590555291	200	14221	0.9916898417929736	0.980041347351746	0.0125112611027434	5.478312138094844	15	Greater Than 3 Cell Types	GM23338__CTCF	36054
A549	TEAD4	0.0	20211007_roundRobin_GEO_binary_revcomp99	0.4238220410044448	200	1871	0.903154025076748	0.7868211546483626	0.001646056502583	8.008300948664129	5	Greater Than 3 Cell Types	A549__TEAD4	9467
K562	SPI1	0.0	20211007_roundRobin_GEO_binary_revcomp99	0.5193046192676221	200	5738	0.9138176432100348	0.8735517263581848	0.0050481412142284	6.6846849800482335	2	2	K562__SPI1	23571
THP-1	SPI1	0.0	20211007_roundRobin_GEO_binary_revcomp99	0.6442758214151827	200	18765	0.9863708206350472	0.9665551058862638	0.016508952576681	5.286357958503944	2	2	THP-1__SPI1	85504
