Standard_Thresh	Monotonic_Avg_Precision	Monotonic_Avg_Recall	Monotonic_Avg_log2FC	Avg_F1
0.0	0.0009726311288770602	0.9983048121386826	0.12838175650473305	0.0019430526068078826
0.001	0.011338488066733201	0.9302062029870206	3.577114475211827	0.022328733662989417
0.002	0.018189722823228203	0.9053003022990419	4.2835847350153875	0.03547410864482585
0.003	0.023443166688718445	0.8875965779791085	4.661144157238778	0.04536903023342362
0.004	0.02779401024016556	0.8722204780683699	4.91515024890828	0.05343255463387178
0.005	0.03160398399222137	0.8558321167346792	5.1049830034911485	0.060385101866139566
0.006	0.03514881106499606	0.8470723956494622	5.2640936998513785	0.06678863176403053
0.007	0.03850483754308952	0.8394386154793332	5.398464367255294	0.07277537896502993
0.008	0.041558255421749714	0.8300500349031666	5.509322858947645	0.07814708132546389
0.009000000000000001	0.04442762606839954	0.8224794210762494	5.607116938618462	0.08314232219379021
0.01	0.04719206506281273	0.8153784551731494	5.694898775225215	0.08790179059081261
0.011	0.04963970611169343	0.8067194319761392	5.769452367810604	0.09204898731205834
0.012	0.05224664065341331	0.8018451869819563	5.842659895138749	0.09644632123821828
0.013000000000000001	0.05453781975673747	0.7937681676796903	5.9027592809940375	0.1002642696665531
0.014	0.05677245262299574	0.786515370791984	5.959255752236633	0.10394225765687831
0.015	0.059000585198462886	0.7810841712461728	6.014913392955293	0.10758633571276831
0.016	0.061103293462273035	0.7751820987860771	6.067012048866649	0.11097863610620018
0.017	0.06308505383487455	0.770008224075457	6.113665301115947	0.11414632912760614
0.018000000000000002	0.06506881291970125	0.7649008105125147	6.158981810418807	0.1173009326554489
0.019	0.06702231133503152	0.7604519393259389	6.202103394237305	0.12037981767171729
0.02	0.06896323946231706	0.756300238429037	6.2430349935221905	0.12340825267110257
0.021	0.07069590146942507	0.7506266710990256	6.280511350946341	0.12605909103726573
0.022	0.07233566358664709	0.7451863857830938	6.313108179901616	0.12852407327847074
0.023	0.07407664915818948	0.7419099587490918	6.347966692425998	0.13119739204126937
0.024	0.07588332626716794	0.7387638874686439	6.3833424043715965	0.13394319999533313
0.025	0.0775654357707302	0.7354949524141944	6.415524265483595	0.13644994555231926
0.026000000000000002	0.07912717637318657	0.7308130501052159	6.443166092994212	0.13877263681686092
0.027	0.08074067175855351	0.7274496767731065	6.473267893024773	0.14115082668098747
0.028	0.08230433545249612	0.7241911085522368	6.501737309392706	0.14341528910871781
0.029	0.08374183249653287	0.7190249881386489	6.525819417736268	0.14543983958905218
0.03	0.08525249990919787	0.7147138269723766	6.550499235870757	0.1476049487262177
0.031	0.08656686475399754	0.7099675917503044	6.5728867193720815	0.14942332101817338
0.032	0.08818818055270312	0.7075436027184326	6.598162391921696	0.15173229588284007
0.033	0.08962258708749105	0.7034908813390975	6.6212246518003	0.15371688300094508
0.034	0.0911617880884585	0.7008349191318599	6.646410096322691	0.15589297967933213
0.035	0.09268461602995122	0.6987090574583639	6.670237380872622	0.15799757204221446
0.036000000000000004	0.09421941103076152	0.6969250734424195	6.694505267603425	0.16014242731848075
0.037	0.0954894522402112	0.6938443251556881	6.713739253953264	0.16186195933141137
0.038	0.09698065070243848	0.6919591006701333	6.736646416601274	0.16392267517710504
0.039	0.09817207873307815	0.6892393878147742	6.7547173518561685	0.16548937724774423
0.04	0.09947992069180563	0.6870278733407179	6.774940189139374	0.16722558743363367
0.041	0.10086952212332267	0.6842856775757542	6.794155829715035	0.16907974654205463
0.042	0.10211648774645347	0.681329374419504	6.811352408588817	0.17067483279224094
0.043000000000000003	0.10336991707250633	0.6793631426748349	6.830284374199551	0.17233814027575958
0.044	0.10479571178909429	0.6775876867329158	6.84911842223278	0.17418994561493592
0.045	0.10612246751186426	0.6760313716022125	6.867404371043023	0.17592189121866345
0.046	0.1073245266855407	0.6740767688307119	6.884855559627266	0.17747822302902952
0.047	0.10876828544203494	0.6718988105819017	6.903660892204026	0.17929213913951722
0.048	0.11007845437076653	0.669196092378454	6.919848399426123	0.1809376091418293
0.049	0.11136460930385529	0.6676553640096671	6.937195638807691	0.18256230335168852
0.05	0.11252840346550837	0.6651199374922169	6.952056004447851	0.1839987139610073
0.051000000000000004	0.1139137817140012	0.6633085640744039	6.969063425124047	0.1857603297579027
0.052000000000000005	0.11498498563848648	0.660136554273158	6.981771804493969	0.18699595149844903
0.053	0.11580272432838874	0.6554639306129824	6.990759819160068	0.18780632413169993
0.054	0.11690167948814624	0.6532756783829784	7.003816162809813	0.1891227277460488
0.055	0.117954687879793	0.6503413924182482	7.0165582270212825	0.1903092634951694
0.056	0.11910023362361453	0.6478866080939114	7.031401358702045	0.1916336284170286
0.057	0.1202714665811503	0.6467688924765902	7.046676470141672	0.19310699459845285
0.058	0.12141542910487184	0.6456171426489731	7.060812243459893	0.19452660907840313
0.059000000000000004	0.12249132187915772	0.6434350897657309	7.073309014046589	0.19581823401586693
0.06	0.12377280742320451	0.6425975157659877	7.0881436599296945	0.19739245574116823
0.061	0.12488070700639797	0.6409717107977995	7.101840636690118	0.19871201832849594
0.062	0.12591176703801063	0.6380458324048722	7.112263007892767	0.19989623659984815
0.063	0.126990966345966	0.6345242918004944	7.121096905839365	0.20102939554185476
0.064	0.12788944803862187	0.632333182221653	7.131591170050456	0.20201954771270877
0.065	0.1289436544724725	0.6309440373421448	7.143947933702951	0.20325359886388908
0.066	0.1297871732923838	0.6288377618819335	7.1548922148040885	0.20421271035673416
0.067	0.1308492943887212	0.6275941931430066	7.166541982565185	0.2054100002821675
0.068	0.1317194014075827	0.6255544450705185	7.175505736823282	0.2063692928551946
0.069	0.13273807910199162	0.6237982898119174	7.187371153728589	0.20744957581819454
0.07	0.13373609430324576	0.6223427488872357	7.198855262213862	0.2085233979100152
0.07100000000000001	0.1346134863371277	0.6210065731724085	7.209704103506927	0.2094901130563931
0.07200000000000001	0.13574412471639546	0.6195183613960461	7.221489521707021	0.2107347221540273
0.073	0.1367048510618248	0.61732778590192	7.232415619685902	0.21163981094112008
0.074	0.13739709157647853	0.6157864465661721	7.241920238398147	0.21235055190131244
0.075	0.13833524448083995	0.6143400065467078	7.252849403974352	0.2133714259785148
0.076	0.13915071515445537	0.6113985459478714	7.261267259592792	0.21415536759300613
0.077	0.1398217775356437	0.6093469792935923	7.268396638935083	0.2147644987910373
0.078	0.14053337445979402	0.6068165294559379	7.276475481419284	0.21537361644421357
0.079	0.14122021230362528	0.603754583577166	7.282962427159188	0.21593442353244655
0.08	0.14186049425798955	0.6019778593061607	7.2914292726716035	0.21648790298426687
0.081	0.14260436201823742	0.6003470960684332	7.299605099833605	0.2172233317586979
0.082	0.14365753335310708	0.5987681730158572	7.311186387718107	0.21837071475870748
0.083	0.14426810821373126	0.5966646742952476	7.317798453181073	0.218937493185975
0.084	0.14544958035289474	0.5953851880804267	7.328596844022402	0.22018084364759008
0.085	0.14637366306847335	0.5941633731212997	7.337286171242316	0.22106567508184438
0.08600000000000001	0.14711327797525775	0.5918234769784814	7.343424691913104	0.22168160233098533
0.08700000000000001	0.1478097583600587	0.5895076181936335	7.3500076823159874	0.2222523126273818
0.088	0.14855648841594057	0.5869502977989082	7.357368432868538	0.2228353533142493
0.089	0.14924324458074326	0.5851295294749495	7.363796976253958	0.2233981566972109
0.09	0.1500376771599148	0.581385006736086	7.366991140300189	0.22401547327058335
0.091	0.1505585334121233	0.5797075930556587	7.37291856412011	0.22441591996682106
0.092	0.1511608912903741	0.5777187533891167	7.3794704608742405	0.2248471028349582
0.093	0.15220878137789592	0.5764812417305035	7.389444248510684	0.225866584627212
0.094	0.1529597969572884	0.5755469709808145	7.3974179273063205	0.22661095197903494
0.095	0.1538326187990021	0.5741097501872641	7.40577626542736	0.22737447694008564
0.096	0.15420937393200648	0.572060176675807	7.410042614298736	0.22753173549347971
0.097	0.1550843038810373	0.5706135833399831	7.418084205383177	0.22834644885593214
0.098	0.15563535101107565	0.5680591080791483	7.422232557911072	0.22877200221160812
0.099	0.156347237459689	0.5668109116960052	7.429576509889788	0.22936929008723858
0.1	0.15694481581561542	0.565053396243464	7.435474490353524	0.2298103429921916
0.101	0.1576657838526929	0.5637771809440736	7.442322470735244	0.2304061894286192
0.10200000000000001	0.15815854748956562	0.562133795463023	7.4482038613790245	0.23076688861470762
0.10300000000000001	0.1590629619925813	0.5609780271642762	7.456160354286131	0.23166373525865022
0.10400000000000001	0.1597697707114291	0.5589672798821544	7.4610869138486935	0.2321881572741836
0.105	0.16048614935558436	0.5580208698659533	7.46807216483554	0.23284585400673627
0.106	0.16114073442373594	0.5560066669726383	7.472893243138896	0.2333335061546322
0.107	0.16200183013963035	0.5554886201116488	7.481111034911588	0.23419868407920877
0.108	0.1629699401231902	0.5544497765479103	7.489957205690317	0.23508342204790866
0.109	0.16361990417375402	0.5532246543502287	7.496659904881345	0.23564076853182733
0.11	0.16415947847327775	0.5516085104461861	7.502381163401293	0.23600243570854373
0.111	0.16461750428045763	0.5503384119106041	7.507284814907639	0.23630435501444702
0.112	0.16508515388326386	0.5481660973084327	7.5109742062997045	0.23654364396441055
0.113	0.16551648048787118	0.5465709232502981	7.515099444780815	0.2367701033568983
0.114	0.16635264545048795	0.5463993889688911	7.5227634496816025	0.23760853363935985
0.115	0.16712427653683307	0.5452699527763434	7.5281543006143	0.23825516437684505
0.116	0.16779136555575322	0.5431260457736254	7.532728311535298	0.23868456747026898
0.117	0.16833359330922526	0.5403449216159958	7.535069197815393	0.2389551849042919
0.11800000000000001	0.16910467874703125	0.5395433935350351	7.542324830105741	0.23963762837919214
0.11900000000000001	0.16992121917078154	0.5372301675348893	7.54561849021007	0.24027032897981668
0.12	0.17059276577986734	0.5363763000966616	7.552104546873285	0.24084245163154247
0.121	0.17115983437117735	0.5349647772567633	7.557540030691643	0.24119747666703464
0.122	0.17163070459889093	0.5336704096860755	7.561907975027807	0.24148922387070496
0.123	0.1721834233502845	0.5325981565502892	7.568408720999838	0.24194878468819223
0.124	0.17282637429211478	0.5315089654577249	7.573882754026808	0.24242016525651858
0.125	0.17329695936835465	0.5298321485162956	7.577986740051153	0.24264209617670726
0.126	0.17397775337137697	0.5284293510277098	7.582684074372723	0.24316144539858972
0.127	0.17445905884637594	0.5269643515696597	7.586215354302109	0.24350321553931256
0.128	0.17564662490958016	0.5267671129108825	7.595411361350873	0.24459913096378136
0.129	0.17607865862286198	0.5256257345926839	7.599671904648322	0.24488641295564229
0.13	0.1766600435961633	0.5247906448080427	7.605219140116579	0.24537168040102222
0.131	0.17725510810183778	0.5242842637413213	7.610724187078475	0.24583018586397265
0.132	0.1777064018203964	0.5227449657157658	7.615039063982722	0.24603656908570906
0.133	0.17819443609136654	0.5217574777673943	7.619528435089982	0.24638519192491193
0.134	0.17886464257364773	0.5206767437412821	7.6248791535954	0.2468568412761615
0.135	0.17947960664661236	0.519491355464151	7.629139073882332	0.24738194113264597
0.136	0.1801140662509195	0.5183185700602564	7.633101991152067	0.24784102471218425
0.137	0.1808557950159884	0.5176978532935587	7.639241797238321	0.24847396180561332
0.138	0.18126159502319472	0.515436353062709	7.641930687228317	0.24853930846005312
0.139	0.1820654131326833	0.5149061741438622	7.648446172684814	0.24918547212886133
0.14	0.18283282744192508	0.5140753808910963	7.655110439580945	0.24981617527053737
0.14100000000000001	0.18348996945484317	0.5132499389492101	7.660091590206143	0.25028343650177626
0.14200000000000002	0.1841531409847348	0.5123826236434189	7.665363906060719	0.25070829589314764
0.14300000000000002	0.18506928646658174	0.5116774608554315	7.6723318552821596	0.2513754076916536
0.14400000000000002	0.1857508004738765	0.5107373653226189	7.677844668582615	0.25177262686822305
0.145	0.18675228804923683	0.510525859400453	7.685773079199301	0.2527076460068438
0.146	0.18749835850887384	0.5099785329010492	7.691617457917882	0.25327206109628714
0.147	0.18816666198472107	0.5090272378375574	7.69717856119435	0.25372228725795154
0.148	0.18880565405349292	0.5077944807508259	7.702321503033272	0.2540798492541008
0.149	0.18941475955047105	0.506954771545551	7.70754054921628	0.25456955462752
0.15	0.18984172552570774	0.5055754668222215	7.711594406114236	0.25475694185898107
0.151	0.19043259980072716	0.504014740382812	7.714898879748439	0.2550941621005361
0.152	0.19141435016986952	0.5031470664816436	7.720505680491374	0.2558109308965068
0.153	0.19217472319552462	0.5023894953457354	7.726767666834817	0.2563651802891708
0.154	0.19256627188788103	0.501089597073765	7.730328293295144	0.2565030568527032
0.155	0.19321075419160813	0.5002477288116534	7.735303323689242	0.2569526951403687
0.156	0.1943383762650186	0.4996422966860948	7.742621866605925	0.25775714333773253
0.157	0.19511138852479679	0.49853282530973697	7.7477969157996425	0.2581292913202596
0.158	0.19587701146288547	0.4972771407988299	7.751313525435028	0.2586023559285574
0.159	0.1964849838809495	0.4963385313382019	7.756289529725255	0.2590191056463246
0.16	0.19665814395796144	0.49462661792754065	7.758577303194566	0.25891397934965793
0.161	0.19744625325351414	0.4942546387577725	7.764181578129558	0.2595146420403327
0.162	0.19818017705163352	0.49328514909296867	7.768711780795267	0.26012552234823655
0.163	0.19895308598472064	0.4924862089939193	7.77444285123885	0.26064803858832136
0.164	0.19964352225554927	0.4920806711350876	7.779754970297911	0.26114420159457813
0.165	0.20000870220685538	0.49090079055125857	7.78297642811529	0.2611974826850423
0.166	0.20082998261594298	0.49034686337899575	7.788557286001033	0.2617605865508859
0.167	0.2012314861601038	0.48864547257814445	7.790716201516787	0.2619209188326413
0.168	0.20164837654818255	0.4870930300664658	7.7930802949644	0.26201568653280766
0.169	0.20227559593596167	0.48607313683121767	7.79707904808361	0.26239725572624617
0.17	0.20305082819584608	0.4841597026807832	7.799594647415073	0.2628342963133901
0.171	0.2040444154671931	0.4835033911458397	7.806731264228965	0.2635492067235909
0.17200000000000001	0.20444152303277105	0.48203516256006496	7.810128737531485	0.2635989145330661
0.17300000000000001	0.20495095464149038	0.48127247709465687	7.8145046484361425	0.263860431755563
0.17400000000000002	0.20568833387860067	0.48084177195016314	7.819631099577561	0.26435968191618503
0.17500000000000002	0.2063161116765161	0.47980695929164274	7.824632760845682	0.2647209278944003
0.176	0.20646786737749412	0.4779033006989309	7.8256687430661	0.26456003705039616
0.177	0.20721633259670666	0.47587971012637703	7.8274354910235315	0.2648593861658301
0.178	0.20773845609513994	0.4740819602742568	7.8300884567691424	0.2649138714839727
0.179	0.20824184440388369	0.4731525052914655	7.834249436305504	0.2651484890529891
0.18	0.2089929941896541	0.47195191899037287	7.837803778220739	0.26559573925088226
0.181	0.20955819219930027	0.47124368172192427	7.841769775182864	0.26591045962809995
0.182	0.20995212081672124	0.46892022664612387	7.841769775182864	0.2658537465542596
0.183	0.21022780853528458	0.4678972066197356	7.8439821060979185	0.265851736599548
0.184	0.21080376897227127	0.4669788563213122	7.848134893250529	0.266162725384761
0.185	0.211434191720679	0.4664456966002719	7.853500624449169	0.2665667010921218
0.186	0.211772087156599	0.4650231540417553	7.85436112928554	0.266577040832352
0.187	0.2120244801852428	0.4641367490378105	7.856973257134459	0.2665920394356521
0.188	0.21287735580085718	0.4639571225559453	7.86286546803876	0.26723829259411014
0.189	0.21341103283231255	0.4628402457178417	7.86545136012884	0.26753723823596126
0.19	0.2140560845158678	0.4620080230289781	7.869699738500351	0.26787433328734983
0.191	0.21449546576170617	0.46148756292292253	7.873582987800707	0.2681259606507154
0.192	0.21511871382116732	0.4602299870367447	7.878597515492191	0.26829784097406484
0.193	0.21588860468510399	0.4598037770104613	7.884157536241928	0.2688358609494039
0.194	0.216648019726097	0.45933075059023104	7.889730479563646	0.26935955487425073
0.195	0.21752635179197535	0.4589558022578182	7.895749957700727	0.26991181537189235
0.196	0.21817834326104893	0.45822726801146474	7.900812937086275	0.27030859267827
0.197	0.21870343025906183	0.45741120828567644	7.90388017947897	0.2704900421051339
0.198	0.2195722693899362	0.45696163205161144	7.909597827937607	0.2709998160848331
0.199	0.22002412087771164	0.4558594454676022	7.913143023690825	0.27114950044784236
0.2	0.22027781980620567	0.45366388580229833	7.913610160327966	0.2708947886870099
0.201	0.22102109031460773	0.4531317406702529	7.918750558621814	0.27131410088491986
0.202	0.22153461699101876	0.4524480742096582	7.9223442528723185	0.27142630006365936
0.203	0.22227192133841145	0.4519944064786632	7.927431720764929	0.27193896827316905
0.20400000000000001	0.22264910957355322	0.450566348109206	7.929056150560602	0.27196602571352857
0.20500000000000002	0.223287746890235	0.4496014444122534	7.9323700421272845	0.2722701346153337
0.20600000000000002	0.22401338550600733	0.448837579210512	7.937334720367294	0.2726775840062708
0.20700000000000002	0.22450972109355438	0.44764864723387343	7.940718174002039	0.2727854141526842
0.20800000000000002	0.2250564606220037	0.4469339909556537	7.944217488954262	0.27301576800017285
0.209	0.2256171957808197	0.4459855099956513	7.947541239051969	0.2731843596804137
0.21	0.2259657839204663	0.4449946813331556	7.95028285940531	0.27326015177034096
0.211	0.22615884432424793	0.44382015592266155	7.952895793547671	0.273246480228464
0.212	0.22636538174201104	0.4423097149657316	7.952895793547671	0.27311808173152996
0.213	0.2271715626682569	0.44160091401288976	7.958126000998128	0.27352304772214486
0.214	0.2278046385946945	0.44097104530168946	7.961904689899176	0.27385940314589846
0.215	0.228520111791467	0.4405503650467557	7.966785405803311	0.27430346890707863
0.216	0.22884415208746967	0.439487017861458	7.969231233097581	0.2742600585094704
0.217	0.2295995719860012	0.4388730818417376	7.974107025797257	0.27459715603780327
0.218	0.23073060343387894	0.4386615759195718	7.9807848446371255	0.2753932046138805
0.219	0.23129776745458722	0.43792145099006596	7.985123699263846	0.275629715900063
0.22	0.23186895195035898	0.4372727749906158	7.988767814192312	0.2758693404259452
0.221	0.23240767155299982	0.43674592120755307	7.992537610488873	0.2760469565328735
0.222	0.23278318105630727	0.435954365103324	7.995213003522345	0.27612802204184955
0.223	0.23316699689416812	0.4351791964526707	7.9979059622558	0.27618382099155836
0.224	0.23366897454073457	0.43410003710782213	8.000844033005938	0.2762364109564281
0.225	0.23465840501185173	0.433872211511628	8.006795631112963	0.27689194413379636
0.226	0.2353209960963978	0.43347932034112446	8.011515783782343	0.27732219587168244
0.227	0.23620669731107594	0.43250304992934324	8.015382344227332	0.27779190580252566
0.228	0.23641624939240669	0.4314956085358506	8.017654762005321	0.27762028409459744
0.229	0.23665828890316884	0.4294909489049721	8.018063729798032	0.277346814121505
0.23	0.2368042578767975	0.42848695394771524	8.019856023962415	0.27715332103276025
0.231	0.23782461373240513	0.42768683390740625	8.026483185613923	0.27762075665602587
0.232	0.23826724416015307	0.42638821041167224	8.02939970423548	0.27757454446687063
0.233	0.2385766867449138	0.4242997843449631	8.02939970423548	0.2775224459163042
0.234	0.2392215789623854	0.4231744338385917	8.032351664933456	0.2775906140957744
0.23500000000000001	0.23963763032609806	0.4223028557489632	8.035477131030698	0.27757963838429617
0.23600000000000002	0.24039576325037895	0.42182677608935326	8.039864769850878	0.27788560037935767
0.23700000000000002	0.24105547278908313	0.4208207664741639	8.043999113199495	0.27814239843358435
0.23800000000000002	0.241484648083283	0.42042415331870614	8.04703244269948	0.27833047719903464
0.23900000000000002	0.242286098621973	0.41953646891422774	8.05179119603158	0.2784804416349799
0.24	0.24279949548919563	0.41840654753687384	8.053528489596532	0.2786500054705002
0.241	0.24371820531525587	0.41797628868197595	8.059005479712921	0.27911241475247367
0.242	0.24398632500209202	0.4165672346579192	8.061499502093739	0.27890957939392985
0.243	0.2445081208230868	0.41597791842669746	8.06524284513691	0.2790801252304223
0.244	0.24495551259855142	0.4151082878352195	8.068493238609468	0.2791996377195588
0.245	0.24530363519916262	0.41407374042552086	8.071118889870563	0.27914412018684204
0.246	0.24570156834727927	0.4126380800804978	8.072133813697066	0.2790640583566431
0.247	0.2461342564985596	0.41152654953802564	8.073570263067	0.2791580951975535
0.248	0.24669680171492384	0.41108835132382177	8.077221366729342	0.2793598014094542
0.249	0.2477828342776082	0.4107634222781522	8.08325459770163	0.27994287438347165
0.25	0.24839104730798212	0.4101461611226478	8.086534619039814	0.2800724600096242
0.251	0.249042594983002	0.4098643602370767	8.090759460535482	0.2804906985695032
0.252	0.2493590602759211	0.408501133966462	8.093273733511795	0.28032752163361446
0.253	0.24990132146865843	0.40739705413529753	8.095585219311504	0.28051401299376094
0.254	0.25003665590296276	0.40660235179805054	8.09624232860074	0.28038046636209596
0.255	0.2502626181339503	0.40542529640357955	8.098176146767505	0.28019725601132983
0.256	0.2507388076274175	0.40424932697638544	8.100884279608389	0.2801498303952166
0.257	0.251808014048996	0.403993343676452	8.106606035008502	0.2807410410054116
0.258	0.25243030345704204	0.4037586671015525	8.110416108548549	0.2810863080898825
0.259	0.2526375662737725	0.40290929117145735	8.112117293330604	0.2809279616215969
0.26	0.25297709837394444	0.40211947377019835	8.113902845570326	0.28087321180513586
0.261	0.2538230906545684	0.401950117680657	8.118017533315742	0.2813139995689863
0.262	0.2545104535888177	0.4015413730997141	8.12251178454073	0.2816398082340983
0.263	0.2550141526211779	0.40127810754204357	8.125861254005365	0.28192282036909105
0.264	0.2557427745696204	0.4007396691157787	8.129831540188395	0.2821181531539836
0.265	0.25643749726510884	0.39939630543944055	8.132527091036673	0.28218269793540535
0.266	0.25650716124132694	0.3984623832496504	8.133725929191273	0.28193340693029184
0.267	0.2567891576478741	0.3975946812566793	8.136093140337284	0.2818524877472354
0.268	0.2571749792170992	0.3973491509746097	8.138813405896101	0.28204871826496564
0.269	0.2580014947918563	0.3961683800124624	8.141794055758515	0.28219834832406393
0.27	0.25852507425963056	0.395843312196512	8.145054608482559	0.2824056489974415
0.271	0.2594062734492308	0.3947948973616023	8.150031087077103	0.28253850597029256
0.272	0.2594062734492308	0.39351985802314055	8.151365679771274	0.28214340804168164
0.273	0.259787833213447	0.39271753770191936	8.154185915707357	0.2821127136540624
0.274	0.2603298883814105	0.39161440953594084	8.156057412095747	0.2822841875124827
0.275	0.2615706101091354	0.39143315542507473	8.162744764684344	0.2829322619224535
0.276	0.2622453197114621	0.3910293217630179	8.166580268499473	0.2832606171198319
0.277	0.2625336237924118	0.3901237339202354	8.168703284043756	0.2831617553400428
0.278	0.2628266899163782	0.38902643143268434	8.170924007475307	0.2829811218380079
0.279	0.2632997809474714	0.38844610931302964	8.173700102505073	0.2830074455744554
0.28	0.26388120780951896	0.3872378325278248	8.175169874313724	0.2830092719132676
0.281	0.2646012400215773	0.38668512727241583	8.179304373138079	0.2832091821452172
0.28200000000000003	0.2651801813063499	0.38653250477936457	8.182518990986313	0.28349943070437095
0.28300000000000003	0.2653281738519141	0.3855812097158727	8.184198612794708	0.2833071227694661
0.28400000000000003	0.2659204495339314	0.3845234714095262	8.18628844826709	0.28351868696210963
0.28500000000000003	0.26662754180557974	0.38417299006227784	8.190284019062188	0.2838373338904056
0.28600000000000003	0.26727268284139055	0.3830579616237492	8.191795169067893	0.2839439791108565
0.28700000000000003	0.26787210971314973	0.38172525305365634	8.193421823639822	0.28388645172408977
0.28800000000000003	0.2686262603932499	0.3813367953751288	8.197914079525587	0.2841918309542855
0.289	0.26977421359251047	0.38107423738694196	8.204463272991292	0.2847294005658948
0.29	0.26977421359251047	0.37996880295069363	8.205232788846716	0.28426850179231256
0.291	0.2701143852092688	0.3787979208301946	8.20770386731286	0.2839738421585631
0.292	0.27035549316000784	0.37778032067039996	8.209598649544626	0.2837560846202572
0.293	0.27068202391268553	0.3772843766422295	8.212192162405934	0.2838114591802993
0.294	0.27156511276838996	0.37626834477731813	8.214471787747424	0.284030242980649
0.295	0.2716656485669644	0.37441406256329984	8.214471787747424	0.2835131710470409
0.296	0.27220876045773146	0.37340605043596503	8.216425480168523	0.2834664039380196
0.297	0.27230359269156257	0.3727329773790056	8.217903307913497	0.28333003705497073
0.298	0.2726362239552862	0.3721500367204524	8.219658535715725	0.28334460763596797
0.299	0.2732680525393067	0.3716654693363171	8.222981506620576	0.283488445540676
0.3	0.27338606417729266	0.3706221636999245	8.22423270845602	0.28315094958546777
0.301	0.27350715467434134	0.36958506090768717	8.225563261464023	0.28287215111837
0.302	0.27394164028928253	0.36910603934712444	8.228335469662046	0.28304196850136837
0.303	0.2740630593973655	0.368219974482706	8.229880500771875	0.2827652859994548
0.304	0.2745042762196774	0.3676800382081098	8.233657318228506	0.28282438215881145
0.305	0.27470837024331846	0.36677230420362084	8.235525367728874	0.2824725968682434
0.306	0.2752781160605214	0.36639323064346013	8.239065049259445	0.2827079735505928
0.307	0.27601226784992766	0.365721618813819	8.243427226851107	0.2829295919524872
0.308	0.27651181975864486	0.3652673048430639	8.246576714278492	0.2831104642232501
0.309	0.27685239395516986	0.36516738477911503	8.24919812671845	0.2833366751439333
0.31	0.27723760964378025	0.36446288310520486	8.250988679622232	0.28324918913531794
0.311	0.2779867903607928	0.36367549051400944	8.255223888611203	0.28332997519874226
0.312	0.27858017780246774	0.36318720366200746	8.25877781815906	0.28355273616371923
0.313	0.2791489311512546	0.36243430101331486	8.262026863560257	0.2835667071990358
0.314	0.27966781176988187	0.36185623820616414	8.265156852751241	0.2836997186394183
0.315	0.27979422867407877	0.3610107685036046	8.266471963073357	0.2834687446213086
0.316	0.2803505882060562	0.3603893628734604	8.26971417084531	0.28356031506078544
0.317	0.280819755105361	0.35945515914233533	8.272321011092675	0.28346163297862903
0.318	0.281001356742835	0.3583497290301094	8.273616985683907	0.2832000894757545
0.319	0.28139627177788384	0.35730769552639935	8.275628982699493	0.28298833222159586
0.32	0.2820983122874077	0.3565697350503246	8.279743517517298	0.2830468135203157
0.321	0.28270569433769804	0.35627550932543267	8.283162407688708	0.28324501493920806
0.322	0.28352439603253177	0.3560345155797549	8.287441963130547	0.2836150014575261
0.323	0.28353407404783093	0.35442456469447275	8.287441963130547	0.28313038631368187
0.324	0.28395814424682964	0.3540399672629115	8.288848259916975	0.28318251878421224
0.325	0.28423911226047704	0.35288268918066645	8.290784199394595	0.28282831037690065
0.326	0.28479255121677793	0.3523495209142155	8.29362468730797	0.2829171780440483
0.327	0.2852967619635055	0.3521050140970321	8.296388458762346	0.28305451407221877
0.328	0.2861894528395758	0.35104850088485806	8.29898919158912	0.2832477199148257
0.329	0.28642248062510195	0.3502859705031656	8.300671245557714	0.28305881594430504
0.33	0.28698972413685314	0.3500270118577993	8.303397315777028	0.28313468668138814
0.331	0.28750071480970796	0.3495300130071757	8.306313131445984	0.2831527755981586
0.332	0.28750071480970796	0.349014859878135	8.307160926336278	0.2828888312684814
0.333	0.2878215086330835	0.348395428657345	8.3095550924201	0.28283686107755085
0.334	0.28797221554256863	0.3470394199181284	8.311211036791615	0.2823931520428774
0.335	0.2884757114277507	0.3464690743947179	8.314047595271985	0.2823000430251398
0.336	0.28904745389162745	0.3460798325331282	8.317764393327066	0.2824578344495173
0.337	0.2894941144869052	0.34548677725779314	8.319985990029982	0.28250252006978477
0.338	0.2902043400818937	0.3450896120873527	8.324295674746514	0.2826946375785088
0.339	0.2912617165740914	0.34487953560128437	8.329570708434836	0.28308819911103383
0.34	0.29225309688505946	0.34446889532065494	8.334781067085446	0.28352620818043417
0.341	0.2924708700436967	0.34342373727352804	8.336808285402602	0.2832253973052414
0.342	0.29284944473087254	0.34272848661053046	8.339097480125655	0.28318130927686286
0.343	0.2933242384085835	0.34197437414873894	8.3418535789051	0.28304594894561724
0.34400000000000003	0.2933242384085835	0.34090962283957776	8.34215104196182	0.28256100592177463
0.34500000000000003	0.29384380809659433	0.3404047125926819	8.344976499302774	0.2826781947399662
0.34600000000000003	0.294234656088463	0.3392475024237491	8.34651606773842	0.2822532301845291
0.34700000000000003	0.29492752125667354	0.33893750587373206	8.350124262395385	0.28243229637963935
0.34800000000000003	0.2958925217246294	0.3384084870403796	8.354508082598493	0.2826672254124985
0.34900000000000003	0.2960154000871644	0.33722759306524797	8.35596143756702	0.2822758918247328
0.35000000000000003	0.29656570118003683	0.33671022633945996	8.358961706987955	0.282348122561625
0.35100000000000003	0.2973581158913808	0.33608656093686234	8.36253475074704	0.2824217456802149
0.352	0.29757619229313137	0.3337767937348461	8.36253475074704	0.28180764423796817
0.353	0.297937972454624	0.3326143094308847	8.36253475074704	0.2815401095484867
0.354	0.2987121865588777	0.33226349838316255	8.365660225182078	0.281705135753715
0.355	0.2996047037769132	0.3312916391977005	8.368843985660588	0.2818467122081522
0.356	0.2996047037769132	0.32943673135368273	8.368843985660588	0.28120131156183154
0.357	0.2999014669228866	0.3288055453717021	8.369415694835128	0.2810754736608326
0.358	0.3007510740237623	0.3278476967268242	8.373233118192081	0.2809854688037196
0.359	0.3011272709190638	0.32679419780817565	8.373713339306912	0.28091182743331417
0.36	0.30260386900372077	0.32594323785578805	8.380284483168536	0.28110985208338785
0.361	0.30284068327623825	0.3247549186745427	8.381558730380009	0.28059836337541055
0.362	0.3036776017485292	0.32413466817143394	8.385094463902808	0.2806556799645014
0.363	0.30429492436007954	0.3233952732825306	8.387833506782782	0.2805551817119309
0.364	0.3044259722272109	0.3221786697498011	8.38866356670909	0.2799874352640968
0.365	0.3044953042748699	0.3210954313604878	8.39071087147873	0.2796000005405966
0.366	0.30502064810461044	0.32055437021725747	8.393315515946624	0.27960193644723985
0.367	0.30565730077944936	0.31993130045572044	8.396365208005605	0.2796390844314101
0.368	0.3062944177499498	0.31899255863495524	8.398047574837397	0.27965249636033845
0.369	0.3065609998780161	0.31849395416802995	8.400147914628022	0.2795848048306641
0.37	0.30675115896768795	0.31706467554210754	8.400147914628022	0.2792079431850661
0.371	0.3081795205125771	0.3165492301502384	8.406310554264806	0.27961367891251127
0.372	0.3086993606676354	0.31579920465074185	8.408781424796567	0.2794132458884819
0.373	0.3092769473138633	0.31496440015715027	8.41181176368367	0.27935315538947286
0.374	0.30969385242051517	0.31460504868785066	8.414277633357074	0.27933813185309075
0.375	0.3103810225397436	0.31384299289265344	8.41779628683652	0.2791517433341118
0.376	0.3113044633108626	0.3136975891957303	8.422769601387982	0.27955334869591314
0.377	0.31188922300397526	0.31306318045966885	8.425611666398	0.27943287412396234
0.378	0.3125682892060648	0.3122260727235145	8.428585811555385	0.2793137375359452
0.379	0.31297985743002504	0.31139041731471007	8.430877834226552	0.2791176226723729
0.38	0.31350497866765153	0.30924571403718193	8.430877834226552	0.2786013733365893
0.381	0.31445378938152296	0.30872335271345747	8.43368833916424	0.27854610887858683
0.382	0.3152182806630274	0.3082367628427269	8.437426540706994	0.27866887509715216
0.383	0.31664632097916096	0.3080995789514829	8.44327355658648	0.279116246528198
0.384	0.3173099118823689	0.3074373331580569	8.446401371533554	0.2790137053770884
0.385	0.31847313792571214	0.30688563535302543	8.45136276640274	0.27920007091681204
0.386	0.3192503873941814	0.3063784088860451	8.455421481818359	0.279194201645999
0.387	0.3198846339962384	0.3058777904714864	8.458385531961405	0.27916531630828617
0.388	0.3207881743693713	0.3053708889668838	8.462072837786755	0.27921146451968476
0.389	0.3216830690908059	0.3048467783088103	8.466340131485767	0.2792976143101817
0.39	0.3220061290993481	0.30430200723131456	8.467748086578043	0.2790980857935154
0.391	0.32272219243177397	0.30380045540067574	8.471116213950072	0.2791647850884833
0.392	0.3233570787322257	0.30353300181482296	8.474698275462252	0.27935356126562016
0.393	0.3235081392202195	0.3025970712115959	8.47587302061005	0.2789131410425267
0.394	0.32380515070844773	0.30182294957300154	8.47775498156367	0.2786528073216569
0.395	0.32492115760541224	0.3013980420289834	8.482919230666704	0.27889586532940885
0.396	0.32595897650690286	0.3010677703483451	8.487842299903008	0.27915271096661737
0.397	0.32611745461020963	0.3003039633909726	8.489738909582401	0.2788581716143431
0.398	0.3261351755349532	0.2990870648871567	8.490802372346941	0.2781474061966288
0.399	0.32629919586776096	0.297997405746453	8.492355532978232	0.2775244793614255
0.4	0.3268825189045497	0.29715142415674434	8.495404032802552	0.27726725549916603
0.401	0.3272225041363031	0.2961780467411342	8.497138922090965	0.2768358408779132
0.402	0.3282281617452636	0.29581831935970687	8.50210911592492	0.27697442018738905
0.403	0.328613181599507	0.2949823450393437	8.504019647645492	0.2766979470294677
0.404	0.32985921444399785	0.2942882941688512	8.509613332851119	0.2767127387608484
0.405	0.33013704405346106	0.2934989022915408	8.511639027413109	0.27642947314480065
0.406	0.3310219122579348	0.29342310070018013	8.515848408747168	0.2768434956251814
0.40700000000000003	0.3310662514867138	0.29200368137511995	8.515848408747168	0.27624548870586946
0.40800000000000003	0.3310662514867138	0.2908656206275621	8.515848408747168	0.275495795889151
0.40900000000000003	0.3310662514867138	0.2891518858106295	8.515848408747168	0.2746267330308247
0.41000000000000003	0.3310662514867138	0.2869654894314561	8.515848408747168	0.2738251669376521
0.41100000000000003	0.3318294601040142	0.28562558495103324	8.515848408747168	0.2737983466361715
0.41200000000000003	0.33204191411757367	0.2845812304432555	8.515848408747168	0.27345986044741716
0.41300000000000003	0.33246755685919377	0.28411833876286835	8.515848408747168	0.2733947655792067
0.41400000000000003	0.33328591221934495	0.28389471463667965	8.519289634695056	0.2735840819910232
0.41500000000000004	0.3335888204667688	0.28344246346967394	8.52226970456834	0.27349287517178533
0.41600000000000004	0.3341356433003444	0.2830779452403805	8.524800734633862	0.27348936009604513
0.417	0.33505433180449984	0.2822935618745764	8.528451670949645	0.2733831638364042
0.418	0.3358839569314353	0.2818196289783232	8.531822902447336	0.2734038625266835
0.419	0.3361533136341999	0.28084745351885604	8.531822902447336	0.2731651039611835
0.42	0.3367628685380251	0.2801538302419928	8.534382921452163	0.27299872835190603
0.421	0.3375612420508524	0.27966351348756774	8.53815486209673	0.27304445111509695
0.422	0.3375612420508524	0.2790754070382638	8.538655051758901	0.27263078852694383
0.423	0.33811198594265024	0.2780102343547694	8.539315311948366	0.27239407948580796
0.424	0.33811198594265024	0.2767095736202483	8.539315311948366	0.27154547249961464
0.425	0.33842216595242974	0.2758563945363923	8.54249125629824	0.2712781647309144
0.426	0.33864962586007435	0.2748233787955206	8.544214993544854	0.2707028740143809
0.427	0.33969393911873674	0.27435303015619233	8.54844471421826	0.27081299236688444
0.428	0.34085530210037923	0.2740490906864891	8.554407490762932	0.2711401818877414
0.429	0.3413861865396505	0.2737275863681821	8.55704049917064	0.2711802927353639
0.43	0.3417823514925709	0.27271223425795194	8.559835304186278	0.27076473778448124
0.431	0.341937381330363	0.27162757472743176	8.560842169102367	0.2702392969703991
0.432	0.3426471482161282	0.2710389938454516	8.563838063132065	0.27018820565478924
0.433	0.34299532126093046	0.27021913038951134	8.566562313731946	0.2699467530025149
0.434	0.34332256380922394	0.26961374457588844	8.56786675852396	0.2698314322326137
0.435	0.3437026784606508	0.2683530225496435	8.56786675852396	0.26929861210700834
0.436	0.34427818373503166	0.26792954444172296	8.571296157301099	0.2692760320328518
0.437	0.344902522848651	0.26689129120166316	8.574008965975551	0.2688619991953358
0.438	0.34536394357471983	0.26604003164787543	8.576620253783249	0.26846125266585413
0.439	0.346065188313702	0.26549424764730073	8.579702647063899	0.2683331656363697
0.44	0.3462683248411041	0.2648433575959713	8.58162818046617	0.2680113971433613
0.441	0.3473128976239224	0.2644293870317945	8.585945379896556	0.2680721630369207
0.442	0.3473128976239224	0.2631888623520267	8.586443442709394	0.2671786680712471
0.443	0.3474489113642741	0.2623723081359863	8.588557454151433	0.26674236120247763
0.444	0.34748539230168324	0.26150880851417097	8.589957048247125	0.2662439752118637
0.445	0.34777573262850786	0.26080043861165486	8.592277115279726	0.26585922314359317
0.446	0.3481803882077265	0.25947099366796894	8.592277115279726	0.26530123260186406
0.447	0.34859330021742396	0.2581496069762748	8.594063967955156	0.26445698949793217
0.448	0.3496144198425137	0.25778109001091315	8.598279262450667	0.26452151838899435
0.449	0.3508268576845584	0.2575644527285233	8.603042960665931	0.26480616676162855
0.45	0.35213988658187173	0.25709848557148446	8.608805414133062	0.2648807236452326
0.451	0.35360320497940173	0.2561790443072074	8.612487611132785	0.26500728800843026
0.452	0.35374142379799745	0.25543792702812596	8.614075691969562	0.26463016058421907
0.453	0.3555182245709947	0.2551464313017189	8.621148095363866	0.26500842262919655
0.454	0.35564260359511785	0.2544082706202218	8.622208288591269	0.26462412959651976
0.455	0.35564260359511785	0.25329419623030086	8.622208288591269	0.2637972571071215
0.456	0.35564260359511785	0.25252161226025005	8.622268417288014	0.2632970221401658
0.457	0.3574459020765024	0.25214790703256507	8.630687133230417	0.26372820377824907
0.458	0.3574459020765024	0.2508892396052858	8.631891390160408	0.2629132292602023
0.459	0.3586599882149492	0.25035723088388623	8.637015731922018	0.2629246516127342
0.46	0.35965711740749623	0.25009165203681594	8.641304609199912	0.2630968896797938
0.461	0.3597841974983422	0.2493639820785055	8.64224512675503	0.26257618787297593
0.462	0.3602521179547866	0.24913732579026093	8.645161145395479	0.2626165359429999
0.463	0.36029259428013827	0.2482922652741063	8.645944295002236	0.2618690538056519
0.464	0.3619170590575642	0.24791733829770904	8.652668529681677	0.2620588249101668
0.465	0.3627870203463785	0.2467699814871905	8.653880304744215	0.2615652893119106
0.466	0.36293258369627496	0.24507538363497586	8.653880304744215	0.26066076597361726
0.467	0.36429326945352863	0.24478432040204545	8.657710804886436	0.2609129441156763
0.468	0.36508504105293205	0.24446691950314495	8.661398839017616	0.2609836065155012
0.46900000000000003	0.3658115965038851	0.24377184169902644	8.665045681964658	0.26059408212741886
0.47000000000000003	0.36613949658090056	0.2407369308019153	8.665045681964658	0.2593269807730309
0.47100000000000003	0.3664772788848356	0.23991339316510837	8.665045681964658	0.2588066713651587
0.47200000000000003	0.3664772788848356	0.23886375705042806	8.665045681964658	0.2580055832508192
0.47300000000000003	0.36699493801937727	0.2384103047677922	8.665045681964658	0.25782124173485105
0.47400000000000003	0.3680932711491742	0.2381477083536221	8.669658749639376	0.2579667003305769
0.47500000000000003	0.3691488792571991	0.23785993226362748	8.673450909595694	0.25806578964770005
0.47600000000000003	0.3691488792571991	0.23520465589441	8.673450909595694	0.25612029236769746
0.47700000000000004	0.3691488792571991	0.234463528247941	8.673450909595694	0.25554456630570144
0.47800000000000004	0.3695679595712196	0.23409777296031095	8.673450909595694	0.2554555561436551
0.47900000000000004	0.37088129233452	0.2332136278375315	8.677665186664195	0.2551271872189363
0.48	0.3718111356452584	0.23185689922897126	8.678751621193234	0.25469148111707846
0.481	0.37323820613789865	0.23148997255265322	8.684115148653838	0.2546713501768009
0.482	0.37378054382828885	0.23082666279661676	8.686977735726627	0.25434216520075026
0.483	0.3740761496337106	0.2302324411823288	8.688401841045746	0.254004999316116
0.484	0.37457945877652804	0.2291948865875956	8.691133227360586	0.2534261152692587
0.485	0.37460673621160145	0.2278788465420711	8.691133227360586	0.252503914953303
0.486	0.375227395842398	0.22690314374527112	8.691711643423385	0.25201976930442643
0.487	0.37596407976149426	0.22643689100424344	8.69572620975705	0.25195902419160615
0.488	0.377011110135121	0.22531792030600017	8.697665576467065	0.2516570043683251
0.489	0.37770619688254875	0.22471532921249934	8.701071322854057	0.25129616482671024
0.49	0.37916170611241357	0.224515253128839	8.707081416506844	0.2514482877718549
0.491	0.3801802776487258	0.22414351340399455	8.711244459673535	0.2514440372387206
0.492	0.3813579037981496	0.22296914884465266	8.713631799686437	0.2511650033848425
0.493	0.3821884063560381	0.22254699248910467	8.717060246126211	0.25102804257805694
0.494	0.38328696557474884	0.22189537053720945	8.722214484296977	0.2508167098324591
0.495	0.38389474990728606	0.22160416458028473	8.72521678355629	0.25078938558598596
0.496	0.38389474990728606	0.22019739886013098	8.72521678355629	0.2498737107226349
0.497	0.3850796697529287	0.21979541450804305	8.72724847888834	0.24987391129535827
0.498	0.38567769275836	0.2194718564640713	8.730134918020367	0.24974038829791226
0.499	0.3863125570138921	0.21869628980817288	8.734092065909097	0.24939505210964372
0.5	0.3863125570138921	0.2176167560526393	8.734183566375732	0.24852916378426612
0.501	0.3863125570138921	0.2166312141032746	8.73659402361957	0.2479717130890328
0.502	0.3872381993055995	0.21621211566064616	8.74018656307877	0.24777935713533758
0.503	0.38802520208232827	0.21547177044898122	8.743249093664522	0.24733021951973144
0.504	0.38956579607990816	0.21482317881293933	8.748962908504339	0.2472644612439521
0.505	0.3903161578241796	0.2140538897141587	8.752260611297404	0.2467441941784846
0.506	0.3906809898320159	0.21355503612751223	8.754773992520256	0.24643827733500923
0.507	0.39127701540830895	0.21279902773161904	8.75773551234793	0.24592430926672185
0.508	0.3916656332193407	0.21184246435350954	8.758896513705972	0.24511755728621387
0.509	0.3946700486663092	0.21167921530302855	8.769593982226107	0.24557651772949937
0.51	0.3972634050454595	0.21124449915087848	8.778339605662207	0.24561987692558343
0.511	0.3980045937789094	0.210042671726709	8.77841028948243	0.2450155542332049
0.512	0.3985765988765519	0.20957758587073386	8.781562632679927	0.24477651840133027
0.513	0.4002900905814181	0.2089565101571705	8.788008754927997	0.24456672114457975
0.514	0.4005322760499956	0.20833488466011627	8.790085438413206	0.24408546479522233
0.515	0.40075637711456485	0.20726205913586007	8.79116940568975	0.2430973280341936
0.516	0.4011911812144644	0.20597198858500398	8.79116940568975	0.24235069125328926
0.517	0.4019840067403934	0.20547003965794208	8.794116770261025	0.24214419354580954
0.518	0.4022747208310206	0.2047161753658203	8.795918380728194	0.2415356743230861
0.519	0.40244444439701743	0.2041246933889468	8.797782844131815	0.24116342419569545
0.52	0.40319531150086396	0.2037009945319165	8.801093646069331	0.24104134256771917
0.521	0.40389216673056055	0.20297232650726849	8.80440261266598	0.24063991742912724
0.522	0.4044486241943455	0.20125830179726956	8.80440261266598	0.2398114175004199
0.523	0.40601310814532415	0.20074612463144917	8.80695213431869	0.2397855088237335
0.524	0.4074374230319057	0.20045203480147067	8.812354746216021	0.23982717717386004
0.525	0.4074374230319057	0.19902034540393884	8.812665521419454	0.23863176752501247
0.526	0.4076682987185459	0.1985733680411922	8.814127569235172	0.2383362271211842
0.527	0.4076682987185459	0.19739680778017651	8.814127569235172	0.23765130635332676
0.528	0.4081211738809658	0.1963726859730576	8.81541841031355	0.2369152086846675
0.529	0.40884636891033366	0.19587395431714325	8.818306467246588	0.23656139790815348
0.53	0.4095200025330497	0.1954026743446943	8.82130159688751	0.23634232349453485
0.531	0.4103180725110414	0.19496360229167595	8.82528764401345	0.23620658257811708
0.532	0.4107082031786782	0.19426131426946594	8.827298920359777	0.23563164898403066
0.533	0.41248170064466433	0.1939521155971453	8.833700937850422	0.23574560309912754
0.534	0.41248170064466433	0.19284988618817833	8.833700937850422	0.23495363566544727
0.535	0.41263511962851857	0.19123061107528191	8.833700937850422	0.2336143407947248
0.536	0.41263511962851857	0.189414730822417	8.833700937850422	0.23230672137410693
0.537	0.4133819482948116	0.18866734593540338	8.834859748906196	0.23169428753659851
0.538	0.4136767807365301	0.18793583979289288	8.835884633583111	0.2310490496365746
0.539	0.4136767807365301	0.1871458732863398	8.837326958303356	0.23033022761422614
0.54	0.41394485348472015	0.18659216287909333	8.840152734815915	0.22998106389366
0.541	0.41422357926141135	0.18593985119050552	8.842346550814275	0.22950469265094062
0.542	0.41422357926141135	0.1848317938990112	8.842346550814275	0.2284255494375126
0.543	0.41422357926141135	0.1839376731769653	8.84325513749939	0.22768467828611869
0.544	0.41422357926141135	0.18332426071690675	8.84580090113924	0.2271988253079004
0.545	0.41467514529243465	0.18302976832389575	8.848848714371083	0.22710343274462721
0.546	0.41609801518239653	0.1826058759184012	8.852909063267754	0.22691358980686482
0.547	0.41716088426757025	0.18206309524798045	8.85667132873235	0.22653791990269742
0.548	0.4180447598994936	0.18145049731629084	8.860239337450292	0.22602801851300422
0.549	0.4180447598994936	0.18045070015398976	8.860239337450292	0.224874337631133
0.55	0.41818194502304146	0.17955562990562046	8.861465233173272	0.22414339956163296
0.551	0.41874175558281285	0.17915046935377368	8.863258514243533	0.22383246261538045
0.552	0.41984435686829635	0.17853447432775318	8.866064753896078	0.2233402923803948
0.553	0.42074283365279347	0.178165683801599	8.869631580555398	0.22307641401891018
0.554	0.4222218869761359	0.17759999733047857	8.875324821114331	0.22271095805363048
0.555	0.4232652156784384	0.17682922074056326	8.878938960821507	0.22221618698347664
0.556	0.4243009512540959	0.17652416673536828	8.884091226976809	0.22225828947270487
0.557	0.4243009512540959	0.1752526893398106	8.884091226976809	0.2212824339321344
0.558	0.4243009512540959	0.1730813920092926	8.884091226976809	0.21989755481574993
0.559	0.42489269560305837	0.17267577981277285	8.884091226976809	0.21975370471397362
0.56	0.4249758810359429	0.1718186458443082	8.884091226976809	0.21879127547491847
0.561	0.4252769418192816	0.17024244608535852	8.884091226976809	0.21726824198028058
0.562	0.4252769418192816	0.16931188347414503	8.884091226976809	0.21630579574389927
0.5630000000000001	0.4267600670852511	0.16881920814428833	8.886416811129477	0.2160027237241473
0.5640000000000001	0.4267600670852511	0.1680158627210416	8.886684989593919	0.21521371399917924
0.5650000000000001	0.42822695215114087	0.16707042044806322	8.889482161210909	0.21466100044596734
0.5660000000000001	0.4288438496062477	0.16612282584023969	8.891424622953252	0.21395441983803679
0.5670000000000001	0.4301302396847077	0.16567212853800492	8.896646372833148	0.21372572996455888
0.5680000000000001	0.4301302396847077	0.16458181214960377	8.896652026435033	0.21261237372304317
0.5690000000000001	0.432968231404149	0.16449860062662333	8.908280780056065	0.213127359962899
0.5700000000000001	0.43408883313209673	0.16423989692292798	8.914543481465062	0.21317428043441622
0.5710000000000001	0.4374872148970083	0.16406074097398402	8.924699107624605	0.21347478379488263
0.5720000000000001	0.43808392928342554	0.16380251276650684	8.92760186544974	0.21337545017862167
0.5730000000000001	0.43808392928342554	0.16278472648501097	8.92760186544974	0.2124834127329239
0.5740000000000001	0.43808392928342554	0.16221224495130104	8.92760186544974	0.212040617004751
0.5750000000000001	0.43808392928342554	0.16098037796146383	8.92760186544974	0.21093703083799312
0.5760000000000001	0.4381091770496501	0.1603844619464828	8.92760186544974	0.21043591328860445
0.577	0.4385900298415903	0.15948907005775684	8.927897848052487	0.20954140446863387
0.578	0.4398969832265171	0.1587388622145078	8.933535271227635	0.20894829959642483
0.579	0.44032309148504084	0.15817140024930557	8.935463941384953	0.20846316272111273
0.58	0.44032309148504084	0.1572188364896797	8.935463941384953	0.20743030193721404
0.581	0.440605952054341	0.15570043749439394	8.935463941384953	0.20623798256273362
0.582	0.4407823837401954	0.15445880611749252	8.935463941384953	0.20489137253222026
0.583	0.44116672864614226	0.1534935694316418	8.93726459610244	0.2038285343871855
0.584	0.44277521428953265	0.15299544685517502	8.942529522830602	0.2034616546134941
0.585	0.4459572015269508	0.15199863763270827	8.949209646299881	0.20303206143716412
0.586	0.4464927613767879	0.15126668071842048	8.951980411941468	0.20221827501391054
0.587	0.4464927613767879	0.14958511572351252	8.951980411941468	0.20062374603875033
0.588	0.44685151024338704	0.14839920909834362	8.951980411941468	0.19949954508992862
0.589	0.44760230136661794	0.14724852316704493	8.951980411941468	0.1986903290800616
0.59	0.4478195302827764	0.14616078579251754	8.951980411941468	0.19751231696045915
0.591	0.44803516260408954	0.14564175248945896	8.952665536104876	0.19704088114808924
0.592	0.44803516260408954	0.1449472351904171	8.952772992353886	0.19627784250466881
0.593	0.4484300845185309	0.144274557957882	8.955202363890189	0.19549133792434423
0.594	0.4493421812039582	0.14377049450330803	8.958833876921522	0.19508609084003448
0.595	0.4502040442704196	0.14322867570380318	8.962796457683629	0.19460149027058515
0.596	0.45275878372947725	0.1419873188593795	8.967444925424276	0.1937553276577527
0.597	0.4538691916455307	0.14173562723219407	8.97163811448497	0.19360665571965838
0.598	0.4542914802171824	0.14077776785582596	8.974096688148201	0.1925642247228401
0.599	0.4542914802171824	0.1390525696859294	8.974096688148201	0.19085816050195983
0.6	0.4542914802171824	0.13820338631638027	8.974096688148201	0.1898898341919599
0.601	0.4542914802171824	0.13755769322054068	8.974096688148201	0.18911985135472142
0.602	0.4542914802171824	0.1364094303165022	8.974096688148201	0.18792950054884675
0.603	0.45618576693570706	0.13609117749397162	8.980461211973745	0.1878031195003594
0.604	0.45767589141197346	0.13480563256081485	8.982736540648597	0.186875847731838
0.605	0.45912143797826516	0.13438599367076806	8.98769575032887	0.18658395645748474
0.606	0.4595336479896311	0.13322826749302466	8.98850860357212	0.1852401990673679
0.607	0.4614706155923329	0.13247628481963722	8.991821845264964	0.18473082803597762
0.608	0.4614706155923329	0.1313446640537426	8.991821845264964	0.18355273490218052
0.609	0.4614706155923329	0.13020748427207834	8.991821845264964	0.18218963549260878
0.61	0.46272082603872905	0.12971965721505146	8.99432529466649	0.18175277600589626
0.611	0.4653443261111403	0.12911255655678358	9.002992748396286	0.1812539993168584
0.612	0.4657444397533437	0.1282134164285564	9.003913234201551	0.18028375986148318
0.613	0.46645047749864904	0.12707482839746562	9.003913234201551	0.17974198109697415
0.614	0.4698290965845406	0.12667908862428534	9.012686274728091	0.1795543181892847
0.615	0.47160123944710247	0.12576502330466197	9.019832606593747	0.17870678593760883
0.616	0.4718843362658354	0.12488273907249965	9.019832606593747	0.17785462882122935
0.617	0.47363619616397806	0.12385034166450949	9.021548282434296	0.17679735450824177
0.618	0.47386321005463267	0.12326570503177314	9.023841839768872	0.17617290180255007
0.619	0.4750346845738062	0.12279200342423875	9.028200609076244	0.17575102283933183
0.62	0.47675839221165234	0.1226712195420281	9.033302859089234	0.17572852232773062
0.621	0.47675839221165234	0.12081286577595567	9.033302859089234	0.17423023403474747
0.622	0.47675839221165234	0.12035363302413944	9.033302859089234	0.1737124362336218
0.623	0.47675839221165234	0.11826292674858918	9.033302859089234	0.17150083376667435
0.624	0.47675839221165234	0.11623064767286435	9.033302859089234	0.1691387190547603
0.625	0.47675839221165234	0.11519382530363248	9.033302859089234	0.16792771061013112
0.626	0.47675839221165234	0.11433127445894602	9.033302859089234	0.1667474301212366
0.627	0.47675839221165234	0.11331559051249097	9.033302859089234	0.1655359058357899
0.628	0.47843708583986916	0.1127830965029621	9.033302859089234	0.1649957512754021
0.629	0.4785887996296523	0.11228447462761926	9.033302859089234	0.16437067315345555
0.63	0.4785887996296523	0.11185353963025418	9.033302859089234	0.16394186643994305
0.631	0.47859872881944177	0.11093452691606742	9.033302859089234	0.1628000784976022
0.632	0.47859872881944177	0.10945045744021309	9.033302859089234	0.16139303428954538
0.633	0.47859872881944177	0.10813009357934178	9.033302859089234	0.15964432320229746
0.634	0.47859872881944177	0.10749374067372608	9.033302859089234	0.15899956691463155
0.635	0.47859872881944177	0.10667644395356209	9.038195962924737	0.15804346238407332
0.636	0.47859872881944177	0.10496052042172965	9.038195962924737	0.15624439481583438
0.637	0.4807632803200284	0.1041118603969322	9.044921951382014	0.15535507847871574
0.638	0.4811345869658498	0.10359551291553619	9.046168032713082	0.1547405168311127
0.639	0.4811345869658498	0.1025400469955547	9.046923548718821	0.15338746277053317
0.64	0.4811345869658498	0.10191434253659803	9.047609607106098	0.1525406418940778
0.641	0.4811345869658498	0.10035471559872582	9.047609607106098	0.15040579749914473
0.642	0.4811345869658498	0.09952647987352292	9.047609607106098	0.14934573058766262
0.643	0.4811345869658498	0.09756932269737806	9.047609607106098	0.14717578870167322
0.644	0.4811345869658498	0.09665971474580172	9.047609607106098	0.14609636502347667
0.645	0.4811345869658498	0.09624608806569523	9.047609607106098	0.14557921594867917
0.646	0.4811345869658498	0.09557147848901949	9.047609607106098	0.14466530581387146
0.647	0.4811345869658498	0.09404015570951231	9.047609607106098	0.1428029380996294
0.648	0.4811345869658498	0.09299753895236514	9.047609607106098	0.14152382365224714
0.649	0.4811345869658498	0.09217239124535288	9.047609607106098	0.1405465380516622
0.65	0.4811345869658498	0.09122759265364	9.047609607106098	0.13952622718270305
0.651	0.4811345869658498	0.09036775520420637	9.047609607106098	0.13834927539155253
0.652	0.4811345869658498	0.0896290901002925	9.047609607106098	0.13734313606577775
0.653	0.4811345869658498	0.08919979930237774	9.047609607106098	0.13676874156855232
0.654	0.4811345869658498	0.08847203110924251	9.047609607106098	0.13613982420154205
0.655	0.4811345869658498	0.08759002897334295	9.047609607106098	0.13540167134128905
0.656	0.4811345869658498	0.08689439023873419	9.047609607106098	0.13438029547773778
0.657	0.4811345869658498	0.0866765004621728	9.047609607106098	0.13409325745952275
0.658	0.4811345869658498	0.08527567900462239	9.047609607106098	0.132489239067783
0.659	0.4811345869658498	0.08474210663519943	9.047609607106098	0.1317660083554891
0.66	0.4811345869658498	0.08377571830142932	9.047609607106098	0.1303213820672899
0.661	0.4811345869658498	0.08333722137755338	9.047609607106098	0.12988069934498417
0.662	0.4811345869658498	0.08207196672637544	9.047609607106098	0.12853116554436758
0.663	0.4811345869658498	0.08174969141223291	9.047609607106098	0.12812692761194122
0.664	0.4811345869658498	0.08040045488860224	9.047609607106098	0.126625038216743
0.665	0.4811345869658498	0.07923215783933592	9.047609607106098	0.12518408836385797
0.666	0.4811345869658498	0.07866375631001857	9.047609607106098	0.12435753776979025
0.667	0.4811345869658498	0.07818949990401262	9.047609607106098	0.12384447961877144
0.668	0.4811345869658498	0.0774317246447544	9.047609607106098	0.12278325661273586
0.669	0.48207203381645103	0.07711884722914626	9.047609607106098	0.12239351515087965
0.67	0.4844480218141567	0.07681205038658039	9.047609607106098	0.12207389799530059
0.671	0.48590063668158767	0.0763249895019135	9.047609607106098	0.1214769599229978
0.672	0.48590063668158767	0.07565201237845025	9.048331434546672	0.12061392355286049
0.673	0.48590063668158767	0.07470559444501192	9.048331434546672	0.11961438664327446
0.674	0.48590063668158767	0.07406904640711066	9.048331434546672	0.11872989714104205
0.675	0.48590063668158767	0.07298535932884202	9.048331434546672	0.11714885697180656
0.676	0.48590063668158767	0.07227540111434996	9.048331434546672	0.11605791298331271
0.677	0.48590063668158767	0.07161914604183939	9.048331434546672	0.1151297294703787
0.678	0.48590063668158767	0.07054254231081572	9.048331434546672	0.11342170721460969
0.679	0.48590063668158767	0.07010056782558023	9.048331434546672	0.11274536707470802
0.68	0.48590063668158767	0.06972407097067951	9.048331434546672	0.11233491970671704
0.681	0.48590063668158767	0.06894654905823555	9.0564031503598	0.11129289409735439
0.682	0.4862955014001238	0.06865315183388615	9.062936120270363	0.11092271954475458
0.683	0.4876013515229236	0.06809647456934347	9.070882276425186	0.11020418044910836
0.684	0.4876013515229236	0.06739030218169272	9.070882276425186	0.10915945991705012
0.685	0.4876013515229236	0.06657746111857094	9.076454600006537	0.10801440400594509
0.686	0.4876013515229236	0.06544825987350582	9.079364793029068	0.10638072008392012
0.687	0.4876013515229236	0.06435068518230082	9.079364793029068	0.10470507952956197
0.6880000000000001	0.4876013515229236	0.06305844480900182	9.079364793029068	0.10275344706355354
0.6890000000000001	0.4876013515229236	0.06249684747177072	9.079364793029068	0.10193931063599652
0.6900000000000001	0.4876013515229236	0.062093053116176765	9.079364793029068	0.1013514687681898
0.6910000000000001	0.4876013515229236	0.06117761872748278	9.079364793029068	0.1001069754307448
0.6920000000000001	0.4876013515229236	0.060507963395808294	9.079364793029068	0.09921224926662787
0.6930000000000001	0.4876013515229236	0.06008914628815514	9.079364793029068	0.0986191844255307
0.6940000000000001	0.4876013515229236	0.059655967357470724	9.079364793029068	0.09808675790548092
0.6950000000000001	0.4876013515229236	0.058717389265416725	9.079364793029068	0.09673133619342573
0.6960000000000001	0.4876013515229236	0.05822033497512763	9.079364793029068	0.096046436881284
0.6970000000000001	0.4876013515229236	0.057374804467749146	9.079364793029068	0.09479339556206867
0.6980000000000001	0.4876013515229236	0.05704079665069079	9.079364793029068	0.0943559523453409
0.6990000000000001	0.4876013515229236	0.056935194159484205	9.080220193148756	0.09424400339783205
0.7000000000000001	0.4876013515229236	0.05652296751811298	9.084740505053816	0.0936390663255063
0.7010000000000001	0.4876013515229236	0.05610477501860825	9.086872679842275	0.09301651398451687
0.7020000000000001	0.48853836062863726	0.055183382077964034	9.087426297706115	0.09202608682770891
0.7030000000000001	0.48942147814205245	0.054855698970191984	9.090404929571553	0.09152518617763566
0.704	0.4938604232706119	0.053912806591899655	9.103319438962023	0.09004709560690577
0.705	0.49564860417213524	0.052999903457224266	9.111880431483781	0.08870451017982056
0.706	0.49773949061035494	0.05253745298080093	9.120155001020317	0.08805075463473881
0.707	0.4985257220671921	0.05210300918393806	9.122979989977432	0.08736011403681147
0.708	0.4985257220671921	0.05169775354796922	9.123202517445435	0.08673794457104482
0.709	0.49887947694576673	0.05140492831042822	9.12787830463776	0.08634030289622402
0.71	0.4992761580628415	0.0510252194457911	9.130692340371601	0.08576645339077153
0.711	0.5007075408876923	0.05074893086426524	9.135367281041336	0.08536173974078272
0.712	0.5020708682913978	0.05034026394244257	9.139376232176444	0.08472904400822312
0.713	0.5035483367023416	0.04919410631800597	9.139700417242862	0.0832593214603649
0.714	0.5035483367023416	0.04790515895866532	9.139700417242862	0.08155628539154823
0.715	0.5035483367023416	0.04653885507681243	9.139700417242862	0.07924937928556046
0.716	0.5035483367023416	0.04583429265322314	9.139700417242862	0.07805931463877312
0.717	0.5035483367023416	0.04516151143732869	9.139700417242862	0.07706469423628008
0.718	0.5035483367023416	0.04440083724077127	9.139700417242862	0.07584818570998161
0.719	0.5035483367023416	0.04400595334799939	9.139700417242862	0.0751810587396007
0.72	0.5071921124570758	0.04338521364882411	9.148770322008774	0.07425580780964079
0.721	0.511920091259375	0.042357953353797446	9.154976754946754	0.07284909878366318
0.722	0.511920091259375	0.04132368925541552	9.154976754946754	0.0710995766146812
0.723	0.511920091259375	0.04101350924221336	9.154976754946754	0.07066645028748225
0.724	0.511920091259375	0.04023572791715308	9.154976754946754	0.06950074570522764
0.725	0.511920091259375	0.039297771995925934	9.154976754946754	0.06805278210014969
0.726	0.511920091259375	0.038631505025927035	9.154976754946754	0.06713370395543321
0.727	0.511920091259375	0.0367125340585586	9.154976754946754	0.06416763083509827
0.728	0.511920091259375	0.0363112535780703	9.154976754946754	0.06358646107773783
0.729	0.511920091259375	0.035537186170366955	9.154976754946754	0.062337013890946306
0.73	0.511920091259375	0.03525663236783617	9.154976754946754	0.06189342348178029
0.731	0.511920091259375	0.034933185231580795	9.154976754946754	0.061383117267769634
0.732	0.511920091259375	0.034674309382118136	9.154976754946754	0.060990034585983816
0.733	0.511920091259375	0.03431343827495798	9.154976754946754	0.06037933885242653
0.734	0.511920091259375	0.033591839427299736	9.154976754946754	0.05929697523062794
0.735	0.511920091259375	0.03294779281571845	9.154976754946754	0.0582661168163576
0.736	0.511920091259375	0.03230765004444266	9.154976754946754	0.05711352807565357
0.737	0.511920091259375	0.03206492340245495	9.154976754946754	0.056706478463994646
0.738	0.5130502900905038	0.03196043085373856	9.154976754946754	0.056547711232720586
0.739	0.5130502900905038	0.03167456545143524	9.154976754946754	0.05608012560158678
0.74	0.5145916537267112	0.03108554127775857	9.154976754946754	0.055121431349704465
0.741	0.5155369316511548	0.03077478301487238	9.154976754946754	0.05464172589755536
0.742	0.5176557366381376	0.030446298727567263	9.162269895801705	0.05415559830875418
0.743	0.5182982520265006	0.029566066556846658	9.162269895801705	0.05287889430694324
0.744	0.5204806320462635	0.029451611159298213	9.162269895801705	0.05270423582761269
0.745	0.527202668330503	0.029197635012107963	9.170674421743328	0.0522849392414804
0.746	0.5309617128854199	0.02881210985933767	9.178260315740273	0.05161304772010786
0.747	0.5407636421349521	0.028561114573243642	9.198604255305495	0.05119811631187996
0.748	0.5407636421349521	0.02784272598997831	9.198604255305495	0.049896952117349624
0.749	0.5422517540621574	0.027369181087760545	9.20779783465247	0.0491369031674799
0.75	0.5481100181396874	0.0268560774394181	9.222517180725907	0.04835627513317365
0.751	0.5481100181396874	0.0260424900921835	9.222517180725907	0.04695391686581916
0.752	0.5481100181396874	0.025515664223195844	9.222517180725907	0.04607623237869485
0.753	0.5481100181396874	0.025093546064716216	9.222517180725907	0.04535249487201723
0.754	0.5481100181396874	0.024717807732183256	9.222517180725907	0.04469462516827687
0.755	0.5481100181396874	0.024043199370629608	9.222517180725907	0.04359225968282388
0.756	0.5488200596572738	0.02345006753783549	9.222517180725907	0.042657678054680986
0.757	0.5515634240560036	0.023321236064577377	9.222517180725907	0.04251730116383192
0.758	0.5515634240560036	0.022145379277162893	9.222517180725907	0.04068612379012649
0.759	0.5525517124045763	0.02172900786630784	9.222517180725907	0.04003559977315337
0.76	0.5543103013990308	0.02138945885728807	9.222517180725907	0.03949743574371786
0.761	0.5543103013990308	0.020721353174644973	9.222517180725907	0.03831576071400743
0.762	0.5543103013990308	0.02026400003215002	9.222517180725907	0.03749762189919203
0.763	0.5706852996966301	0.020139652304372275	9.222517180725907	0.03730433152540008
0.764	0.5731093073501038	0.019988249570535806	9.222517180725907	0.03704753557531474
0.765	0.5763368434251763	0.01914949587151145	9.222517180725907	0.03573442062824309
0.766	0.5763368434251763	0.018623692607479092	9.222517180725907	0.034785315737842694
0.767	0.5763368434251763	0.01837866151243114	9.222517180725907	0.03435528351985915
0.768	0.5763368434251763	0.018210650296833802	9.222517180725907	0.034057306281124335
0.769	0.5763368434251763	0.018052172683892562	9.222517180725907	0.03378288267774177
0.77	0.5763368434251763	0.017806307147156322	9.222517180725907	0.033333604720652735
0.771	0.5763368434251763	0.017626206001065767	9.222517180725907	0.03301128795015193
0.772	0.581176285103306	0.017419584865023974	9.229159532294775	0.032636620172811694
0.773	0.5904498844218455	0.017148353594485233	9.253203171966456	0.03214455240330125
0.774	0.5971335575634018	0.017046553120504012	9.272319278812182	0.03197859273512462
0.775	0.6025275369666688	0.016921365393531704	9.288901403638475	0.03176842930567212
0.776	0.6025275369666688	0.016580300708104127	9.29288683363326	0.031156737297018997
0.777	0.6025275369666688	0.016109796177069365	9.29288683363326	0.030277951755104653
0.778	0.6110148946754081	0.015975996581730108	9.314025918750442	0.030049283437676617
0.779	0.6119569508907802	0.015723090899638754	9.318517088904548	0.02957632195077291
0.78	0.6255936033330618	0.015655403614071667	9.34500136680384	0.029465921965885506
0.781	0.6400166583560758	0.015401272975979215	9.372256693028355	0.029016182808943778
0.782	0.6403934075321301	0.01496499157027504	9.372309720142384	0.028195195961469455
0.783	0.6403934075321301	0.01460678014264231	9.372309720142384	0.027523145566564416
0.784	0.6403934075321301	0.014191300501864531	9.372309720142384	0.026742284179459837
0.785	0.6444748365062859	0.014074325050051269	9.386554885076826	0.026550491431061984
0.786	0.6496995240051655	0.013974077329865386	9.400722296159481	0.02638138681199745
0.787	0.649895573781576	0.013838670861587321	9.405546082870671	0.026139492858541443
0.788	0.649895573781576	0.013617415677417677	9.406105395464332	0.02572590193386223
0.789	0.649895573781576	0.01339839922699825	9.406991122597143	0.025316438997808704
0.79	0.6584958270255198	0.013244060394058768	9.4325479561353	0.02506904911352002
0.791	0.6584958270255198	0.013031561056696206	9.434118386202659	0.02466685849107954
0.792	0.6584958270255198	0.01261886770425874	9.434118386202659	0.023878369885491583
0.793	0.6596920810486523	0.01231577110355394	9.43898709189422	0.023300787821276533
0.794	0.6650259612096735	0.012206906525588824	9.452084771544003	0.023099923586131586
0.795	0.6650259612096735	0.012087723597601024	9.456916601321526	0.022887003839244663
0.796	0.6650259612096735	0.011331018337149973	9.456916601321526	0.02160899198222534
0.797	0.6650259612096735	0.011111506937449035	9.456916601321526	0.02118996648394698
0.798	0.6650259612096735	0.01096452234355711	9.456916601321526	0.020910260712460094
0.799	0.6650259612096735	0.010778631149895088	9.456916601321526	0.02055432686418877
0.8	0.6650259612096735	0.010620257691442522	9.456916601321526	0.020252750388556572
0.801	0.6650259612096735	0.01044245741940214	9.456916601321526	0.019914029701495483
0.802	0.6650259612096735	0.010310332370475997	9.456916601321526	0.019667424991654307
0.803	0.6650259612096735	0.010214073802408087	9.456916601321526	0.01948861240757349
0.804	0.6745320772096264	0.01017682141570911	9.463424911717441	0.01943954122547213
0.805	0.6771577102949656	0.010036025752504644	9.47257820345264	0.019172436442636612
0.806	0.6780634991077487	0.009849814851075762	9.478174098744766	0.018815657009156092
0.807	0.6780634991077487	0.009577878316289585	9.478818301778245	0.018295626592467515
0.808	0.6780634991077487	0.009432012797624902	9.482344747170616	0.018030521046068244
0.809	0.6780634991077487	0.009226421093816002	9.482344747170616	0.01763739094475587
0.81	0.6780634991077487	0.009052170684812786	9.482344747170616	0.017303218880639983
0.811	0.6780634991077487	0.0089763533470859	9.482344747170616	0.01718088050260361
0.812	0.6780634991077487	0.008900536009359014	9.484579695546573	0.017051621695603297
0.8130000000000001	0.6780634991077487	0.008863327801992258	9.494080360926937	0.01698990441911195
0.8140000000000001	0.6780634991077487	0.008831160768230427	9.502568188601172	0.016933789921100145
0.8150000000000001	0.6780634991077487	0.008798993734468595	9.511342523315754	0.01687769555966135
0.8160000000000001	0.6780634991077487	0.008766826700706764	9.521028914605052	0.01682254768701798
0.8170000000000001	0.6783954167469025	0.008713038597276419	9.533369647715585	0.016726171238484164
0.8180000000000001	0.6839739153716873	0.00863939865831345	9.551380144647801	0.01659466917362044
0.8190000000000001	0.6839739153716873	0.00841615636115057	9.556459180742653	0.016179026158881612
0.8200000000000001	0.6839739153716873	0.008176212358826538	9.565539291521306	0.015724018664871484
0.8210000000000001	0.6866544713589917	0.008046048017606085	9.576470001022924	0.015477718213621176
0.8220000000000001	0.6901122227190228	0.007923611170439828	9.588091470734124	0.015249426048148496
0.8230000000000001	0.7066356281558773	0.007727072609651875	9.62898042677888	0.014902393930306075
0.8240000000000001	0.7297194405294932	0.007528857143571533	9.682839040241106	0.014562406157527524
0.8250000000000001	0.7297194405294932	0.006352579025452224	9.682839040241106	0.012389448509141636
0.8260000000000001	0.7297194405294932	0.006044575868646987	9.682839040241106	0.011828254912014004
0.8270000000000001	0.7297194405294932	0.005929192232847537	9.682839040241106	0.011606876053754253
0.8280000000000001	0.7297194405294932	0.00583900561936553	9.682839040241106	0.01143397938555474
0.8290000000000001	0.7297194405294932	0.0057488190058835225	9.682839040241106	0.01125993280008658
0.8300000000000001	0.7297194405294932	0.005658632392401515	9.682839040241106	0.011085886214618423
0.8310000000000001	0.7297194405294932	0.005568445778919507	9.682839040241106	0.010911996814958122
0.8320000000000001	0.7297194405294932	0.0054825100854988896	9.682839040241106	0.010748256003588072
0.833	0.7313806412773296	0.00545122571489785	9.682839040241106	0.01069283846010472
0.834	0.7446288655878132	0.005438498273474312	9.682839040241106	0.010671588216993667
0.835	0.7485609193636039	0.005354420016041022	9.682839040241106	0.010508605539852134
0.836	0.7497451301040318	0.005259940484225093	9.682839040241106	0.010324811606033804
0.837	0.750445051576977	0.005162660576844927	9.682839040241106	0.010135429178532341
0.838	0.7555300049554972	0.005103687744311687	9.686726895389386	0.010021980913337072
0.839	0.7624768030669155	0.005051166088608315	9.704756086718934	0.009922260712525255
0.84	0.7765240975597475	0.004998644432904944	9.762180490330275	0.009839173742162022
0.841	0.7924627881144591	0.004960788177936126	9.803393771904876	0.009772856455906526
0.842	0.8071656270561726	0.0049213073549726795	9.847157068427956	0.009704891100918262
0.843	0.8124302421641616	0.004869131601788016	9.865364861652859	0.00960601205785448
0.844	0.8124302421641616	0.004807928827981366	9.86732399232571	0.009485966407410852
0.845	0.8124302421641616	0.004746726054174717	9.869283122998564	0.00936592075696722
0.846	0.8124302421641616	0.004686874466916897	9.871242253671415	0.009248543465206161
0.847	0.8124302421641616	0.004635071186323025	9.873201384344268	0.00914706018081613
0.848	0.8124302421641616	0.0045832679057291525	9.87516051501712	0.009045576896426101
0.849	0.8124302421641616	0.00453146462513528	9.877119645689971	0.00894409361203607
0.85	0.8124302421641616	0.004479661344541406	9.879078776362823	0.008842610327646041
0.851	0.8124302421641616	0.0044278580639475346	9.881136780478268	0.00874115186162
0.852	0.8124302421641616	0.004376054783353661	9.885469652360447	0.008640264413399983
0.853	0.8256786788827882	0.004334538418828447	9.913387592868945	0.00856028896151653
0.854	0.8417491165713841	0.004273939069904648	9.943985660184675	0.00844230768770177
0.855	0.8548389746078198	0.0041836286744428705	9.969608575999272	0.008265405604129673
0.856	0.8549997007632596	0.004048888373445718	9.973753851670045	0.00799983039696669
0.857	0.8565103405643235	0.003908259018210749	9.983920909004718	0.0077240036132535045
0.858	0.8603004522271687	0.003756353395231622	10.004256381115509	0.007428196407472002
0.859	0.8628253921788326	0.0035795830412033817	10.01506366203915	0.007079704928760114
0.86	0.8679829610190583	0.0034962012319602487	10.026492837859553	0.006915129197698134
0.861	0.8731405298592838	0.003447006437049437	10.037922013679957	0.0068186546912558975
0.862	0.8782980986995095	0.003355632603282984	10.04935118950036	0.0066380811183905835
0.863	0.8834556675397351	0.0032593334886937392	10.060780365320763	0.006447638299758539
0.864	0.8886132363799608	0.0031630129052107256	10.072209541141167	0.006257152461896406
0.865	0.8937708052201865	0.0030954313492812303	10.083638716961572	0.006123822378364033
0.866	0.898928374060412	0.00303583331151258	10.095067892781975	0.006006369798057495
0.867	0.9037425647827538	0.0029286966186771145	10.109861554597371	0.005795900587170645
0.868	0.9092498271545709	0.0027482141948218294	10.127590979431412	0.005439562950537716
0.869	0.9147570895263879	0.0026507444708486825	10.14532040426545	0.005249151237695566
0.87	0.9147570895263879	0.0025291523980600704	10.14532040426545	0.002487204423068807
0.871	0.9147570895263879	0.002414478380342757	10.14532040426545	0.002354690954296339
0.872	0.9147570895263879	0.0022998043626254448	10.14532040426545	0.0022221774855238703
0.873	0.9147570895263879	0.0022046945053045535	10.14532040426545	0.002128742745249197
0.874	0.9147570895263879	0.002123572244831186	10.14532040426545	0.0020632565325728173
0.875	0.9147570895263879	0.002043498232004634	10.14532040426545	0.001999865430450771
0.876	0.9147570895263879	0.001963424219178082	10.14532040426545	0.0019364743283287248
0.877	0.9147570895263879	0.0018833502063515296	10.14532040426545	0.0018730832262066788
0.878	0.9147570895263879	0.001800480460079282	10.14532040426545	0.0018039739277350508
0.879	0.9147570895263879	0.0017169153893267424	10.14532040426545	0.001733442461527402
0.88	0.9147570895263879	0.0016333503185742024	10.14532040426545	0.0016629109953197523
0.881	0.9147570895263879	0.0015497852478216629	10.14532040426545	0.0015923795291121034
0.882	0.9147570895263879	0.001418705979145215	10.14532040426545	0.0014271189239777483
0.883	0.9147570895263879	0.0012747797979638755	10.14532040426545	0.0012362095766137555
0.884	0.9147570895263879	0.0011832363272706585	10.14532040426545	0.0011497113611648165
0.885	0.9147570895263879	0.0010916928565774416	10.14532040426545	0.0010632131457158772
0.886	0.9147570895263879	0.0010001493858842248	10.14532040426545	0.0009767149302669384
0.887	0.9147570895263879	0.0009086059151910079	10.14532040426545	0.0008902167148179992
0.888	0.9147570895263879	0.0008170624444977909	10.14532040426545	0.0008037184993690601
0.889	0.9147570895263879	0.0007255189738045741	10.14532040426545	0.0007172202839201211
0.89	0.9147570895263879	0.0006339755031113571	10.14532040426545	0.0006307220684711821
0.891	0.9147570895263879	0.0005396306323180803	10.14532040426545	0.0005384241649311069
0.892	0.9147570895263879	0.00044510352073952726	10.14532040426545	0.0004457489715808174
0.893	0.9147570895263879	0.00035057640916097405	10.14532040426545	0.00035307377823052795
0.894	0.9147570895263879	0.0002560492975824211	10.14532040426545	0.0002603985848802386
0.895	0.9147570895263879	0.00016152218600386803	10.14532040426545	0.00016772339152994913
0.896	0.9147570895263879	6.96239109013461e-05	10.14532040426545	8.02996563882797e-05
0.897	0.9147570895263879	2.7461413811972644e-05	10.14532040426545	5.485259382902977e-05
0.898	0.9147570895263879	1.4721591199083126e-05	10.14532040426545	2.9405531269779902e-05
0.899	0.9147570895263879	1.9817685861936063e-06	10.14532040426545	3.958468710529965e-06
0.9	0.9147570895263879	0.0	10.14532040426545	0.0
0.901	0.9147570895263879	0.0	10.14532040426545	0.0
0.902	0.9147570895263879	0.0	10.14532040426545	0.0
0.903	0.9147570895263879	0.0	10.14532040426545	0.0
0.904	0.9147570895263879	0.0	10.14532040426545	0.0
0.905	0.9147570895263879	0.0	10.14532040426545	0.0
0.906	0.9147570895263879	0.0	10.14532040426545	0.0
0.907	0.9147570895263879	0.0	10.14532040426545	0.0
0.908	0.9147570895263879	0.0	10.14532040426545	0.0
0.909	0.9147570895263879	0.0	10.14532040426545	0.0
0.91	0.9147570895263879	0.0	10.14532040426545	0.0
0.911	0.9147570895263879	0.0	10.14532040426545	0.0
0.912	0.9147570895263879	0.0	10.14532040426545	0.0
0.913	0.9147570895263879	0.0	10.14532040426545	0.0
0.914	0.9147570895263879	0.0	10.14532040426545	0.0
0.915	0.9147570895263879	0.0	10.14532040426545	0.0
0.916	0.9147570895263879	0.0	10.14532040426545	0.0
0.917	0.9147570895263879	0.0	10.14532040426545	0.0
0.918	0.9147570895263879	0.0	10.14532040426545	0.0
0.919	0.9147570895263879	0.0	10.14532040426545	0.0
0.92	0.9147570895263879	0.0	10.14532040426545	0.0
0.921	0.9147570895263879	0.0	10.14532040426545	0.0
0.922	0.9147570895263879	0.0	10.14532040426545	0.0
0.923	0.9147570895263879	0.0	10.14532040426545	0.0
0.924	0.9147570895263879	0.0	10.14532040426545	0.0
0.925	0.9147570895263879	0.0	10.14532040426545	0.0
0.926	0.9147570895263879	0.0	10.14532040426545	0.0
0.927	0.9147570895263879	0.0	10.14532040426545	0.0
0.928	0.9147570895263879	0.0	10.14532040426545	0.0
0.929	0.9147570895263879	0.0	10.14532040426545	0.0
0.93	0.9147570895263879	0.0	10.14532040426545	0.0
0.931	0.9147570895263879	0.0	10.14532040426545	0.0
0.932	0.9147570895263879	0.0	10.14532040426545	0.0
0.933	0.9147570895263879	0.0	10.14532040426545	0.0
0.934	0.9147570895263879	0.0	10.14532040426545	0.0
0.935	0.9147570895263879	0.0	10.14532040426545	0.0
0.936	0.9147570895263879	0.0	10.14532040426545	0.0
0.937	0.9147570895263879	0.0	10.14532040426545	0.0
0.9380000000000001	0.9147570895263879	0.0	10.14532040426545	0.0
0.9390000000000001	0.9147570895263879	0.0	10.14532040426545	0.0
0.9400000000000001	0.9147570895263879	0.0	10.14532040426545	0.0
0.9410000000000001	0.9147570895263879	0.0	10.14532040426545	0.0
0.9420000000000001	0.9147570895263879	0.0	10.14532040426545	0.0
0.9430000000000001	0.9147570895263879	0.0	10.14532040426545	0.0
0.9440000000000001	0.9147570895263879	0.0	10.14532040426545	0.0
0.9450000000000001	0.9147570895263879	0.0	10.14532040426545	0.0
0.9460000000000001	0.9147570895263879	0.0	10.14532040426545	0.0
0.9470000000000001	0.9332903111756564	0.0	10.14532040426545	0.0
0.9480000000000001	0.9530906414768466	0.0	10.14532040426545	0.0
0.9490000000000001	0.9728909717780367	0.0	10.14532040426545	0.0
0.9500000000000001	0.9926913020792268	0.0	10.14532040426545	0.0
0.9510000000000001	1.0	0.0	10.31813453624022	0.0
0.9520000000000001	1.0	0.0	10.31813453624022	0.0
0.9530000000000001	1.0	0.0	10.31813453624022	0.0
0.9540000000000001	1.0	0.0	10.31813453624022	0.0
0.9550000000000001	1.0	0.0	10.31813453624022	0.0
0.9560000000000001	1.0	0.0	10.31813453624022	0.0
0.9570000000000001	1.0	0.0	10.31813453624022	0.0
0.9580000000000001	1.0	0.0	10.31813453624022	0.0
0.9590000000000001	1.0	0.0	10.31813453624022	0.0
0.96	1.0	0.0	10.31813453624022	0.0
0.961	1.0	0.0	10.31813453624022	0.0
0.962	1.0	0.0	10.31813453624022	0.0
0.963	1.0	0.0	10.31813453624022	0.0
0.964	1.0	0.0	10.31813453624022	0.0
0.965	1.0	0.0	10.31813453624022	0.0
0.966	1.0	0.0	10.31813453624022	0.0
0.967	1.0	0.0	10.31813453624022	0.0
0.968	1.0	0.0	10.31813453624022	0.0
0.969	1.0	0.0	10.31813453624022	0.0
0.97	1.0	0.0	10.31813453624022	0.0
0.971	1.0	0.0	10.31813453624022	0.0
0.972	1.0	0.0	10.31813453624022	0.0
0.973	1.0	0.0	10.31813453624022	0.0
0.974	1.0	0.0	10.31813453624022	0.0
0.975	1.0	0.0	10.31813453624022	0.0
0.976	1.0	0.0	10.31813453624022	0.0
0.977	1.0	0.0	10.31813453624022	0.0
0.978	1.0	0.0	10.31813453624022	0.0
0.979	1.0	0.0	10.31813453624022	0.0
0.98	1.0	0.0	10.31813453624022	0.0
0.981	1.0	0.0	10.31813453624022	0.0
0.982	1.0	0.0	10.31813453624022	0.0
0.983	1.0	0.0	10.31813453624022	0.0
0.984	1.0	0.0	10.31813453624022	0.0
0.985	1.0	0.0	10.31813453624022	0.0
0.986	1.0	0.0	10.31813453624022	0.0
0.987	1.0	0.0	10.31813453624022	0.0
0.988	1.0	0.0	10.31813453624022	0.0
0.989	1.0	0.0	10.31813453624022	0.0
0.99	1.0	0.0	10.31813453624022	0.0
0.991	1.0	0.0	10.31813453624022	0.0
0.992	1.0	0.0	10.31813453624022	0.0
0.993	1.0	0.0	10.31813453624022	0.0
0.994	1.0	0.0	10.31813453624022	0.0
0.995	1.0	0.0	10.31813453624022	0.0
0.996	1.0	0.0	10.31813453624022	0.0
0.997	1.0	0.0	10.31813453624022	0.0
0.998	1.0	0.0	10.31813453624022	0.0
0.999	1.0	0.0	10.31813453624022	0.0
1.0	1.0	0.0	10.31813453624022	0.0
