Standard_Thresh	Monotonic_Avg_Precision	Monotonic_Avg_Recall	Monotonic_Avg_log2FC	Monotonic_Avg_F1
0.0	0.0007431904905339914	0.9987113402061856	0.1763555601769002	0.001484656677969797
0.001	0.001598226887665577	0.87855117820324	1.147340774676659	0.003187088545611683
0.002	0.002340745677404055	0.7804768041237113	1.743414913321775	0.004658452433620237
0.003	0.00307861564057308	0.7105412371134021	2.193015426289027	0.006112419167624285
0.004	0.003869989496976544	0.6554252577319588	2.5589885578637155	0.007662178947933319
0.005	0.004789327828117747	0.6201564801178203	2.897717609769718	0.009451325800910312
0.006	0.005806401933233601	0.591331001472754	3.1951208790337855	0.011415537554304751
0.007	0.006834331343074173	0.5599705449189984	3.4471497377693243	0.013379514996001304
0.008	0.007868831938020304	0.5343243740795287	3.6797728825626157	0.015333053097434268
0.009000000000000001	0.009026774916514973	0.5128663475699557	3.89624161949836	0.017497097272182762
0.01	0.010117095800606895	0.49233247422680415	4.088698107711991	0.019498617212088086
0.011	0.011515534783564547	0.4839561855670103	4.299412206744541	0.022056680538421053
0.012	0.012934695838339658	0.47272275405007363	4.4859284419738685	0.024607583539592123
0.013000000000000001	0.014438905845153545	0.4656351251840943	4.664911761569909	0.027276043179334297
0.014	0.015918688940517955	0.4528332106038292	4.819928645855309	0.029844005380988033
0.015	0.01720658779246257	0.42542341678939616	4.922944620603056	0.03197952107449467
0.016	0.018645253476968004	0.4129436671575847	5.052150205959691	0.03436082059643092
0.017	0.020745180579763173	0.41068851251840943	5.214717625263774	0.03787220880747452
0.018000000000000002	0.022167028322419496	0.39502945508100146	5.3186356490155084	0.040069855264690785
0.019	0.02348987337510982	0.374300441826215	5.3980836141511945	0.04200355272795403
0.02	0.02534528392362293	0.36536450662739317	5.511272339106717	0.04484165672776194
0.021	0.026844034706248052	0.34656848306332844	5.580732715360625	0.04691259436512329
0.022	0.028237736176893867	0.3382345360824742	5.671032023234083	0.048836182808241854
0.023	0.03044012455259919	0.33123159057437407	5.775919370463023	0.05200579282345659
0.024	0.03186074564740591	0.3257547864506627	5.86504937520826	0.05385428813629391
0.025	0.033922419335094295	0.3149282032400589	5.944085045312226	0.05651213922913706
0.026000000000000002	0.035825056225487574	0.3113843888070692	6.03850281579162	0.05895867495175887
0.027	0.03781743560393442	0.30659425625920467	6.121230184275262	0.061494835689970925
0.028	0.03978346924923081	0.30369477172312226	6.210884109269003	0.06394300439015461
0.029	0.04186419756945706	0.30143961708394695	6.296022741944245	0.0664908643796898
0.03	0.044007682636582814	0.29379234167893964	6.361342840805637	0.06882380189949233
0.031	0.04520856665274903	0.2864248895434463	6.411467629114641	0.06977278808115983
0.032	0.04745293064631533	0.2835254050073638	6.4943779112993525	0.07217623020845437
0.033	0.04928305349438174	0.27841310751104564	6.556303499117595	0.07400974962550678
0.034	0.051771990971356055	0.27458946980854204	6.625790874663711	0.07659594059100544
0.035	0.053438518856912615	0.2669421944035346	6.6719977796781045	0.07799832856071287
0.036000000000000004	0.05502646266253555	0.2621520618556701	6.7228173078783655	0.07943305090915977
0.037	0.05680471640463112	0.2573619293078056	6.775023745494145	0.08096261422029696
0.038	0.058406945131577175	0.2547846097201767	6.828648602266926	0.08228291771234215
0.039	0.06049269379304543	0.2503166421207658	6.880539033757353	0.08394608854842878
0.04	0.062264332805322176	0.24552650957290134	6.926417240413313	0.08520157242171086
0.041	0.0637651540868746	0.23787923416789394	6.958925134024573	0.08590161973627458
0.042	0.06535516308466388	0.2356240795287187	7.003873639517592	0.08692297603848549
0.043000000000000003	0.06777163106476053	0.23433541973490427	7.058462736794768	0.08874093106800568
0.044	0.07021166013519664	0.23075016340325102	7.102953056362345	0.09035436717283259
0.045	0.07234685199729826	0.22733247422680414	7.143781808553019	0.0918343699485795
0.046	0.07447110972764981	0.2260438144329897	7.19413949555109	0.09340929260855027
0.047	0.07545363266381647	0.22411082474226804	7.2226071317374085	0.09376359701854883
0.048	0.07611810103189723	0.21867636229749632	7.243709808028454	0.09376359701854883
0.049	0.0768162431227796	0.21070692194403537	7.260499403410705	0.09376359701854883
0.05	0.07919228901201	0.2094182621502209	7.311315851442619	0.09444551918831734
0.051000000000000004	0.08128895880831968	0.20559462444771726	7.349531444182826	0.0954744194606727
0.052000000000000005	0.08385947761835352	0.20495029455081	7.402556447864533	0.09743249691395586
0.053	0.08676507965141304	0.2046281296023564	7.453995637500544	0.09948451647430431
0.054	0.08836471322619022	0.19794734904270986	7.475791672873768	0.09960506714745854
0.055	0.08990710339673938	0.1938015463917526	7.501988185180181	0.09984819233849647
0.056	0.0913986983363114	0.1899779086892489	7.526872615774698	0.10019460169177746
0.057	0.09375958766117286	0.1890114138438881	7.568245088159715	0.10139223911518597
0.058	0.09507891037302435	0.18518777614138437	7.589486762986799	0.10153006753784852
0.059000000000000004	0.097610815566563	0.18389911634756995	7.636014476550305	0.1027725990738024
0.06	0.10026936977859151	0.17818483063328422	7.663589113114494	0.10339426163520472
0.061	0.1027325639216412	0.17404519163456778	7.689294161535062	0.10361166291760049
0.062	0.10431356451776186	0.17150405007363767	7.712624382672018	0.10421638917151216
0.063	0.10784964177001546	0.17150405007363767	7.759965433104568	0.1061648332581593
0.064	0.10937686852478073	0.1654675994108984	7.767376960886757	0.1061648332581593
0.065	0.10937686852478073	0.15592967599410898	7.767376960886757	0.1061648332581593
0.066	0.1104049563460003	0.15242820324005893	7.767376960886757	0.1061648332581593
0.067	0.11352739838441563	0.15242820324005893	7.792103235496647	0.1061648332581593
0.068	0.11427861574642328	0.15113954344624447	7.814722522582594	0.1061648332581593
0.069	0.11609547802507458	0.14796023564064803	7.8295969815533155	0.1061648332581593
0.07	0.11778222089463508	0.1473159057437408	7.8556164493808325	0.1061648332581593
0.07100000000000001	0.1208671140882239	0.1469937407952872	7.9032274711098705	0.1061648332581593
0.07200000000000001	0.1208671140882239	0.13745581737849777	7.9032274711098705	0.1061648332581593
0.073	0.12371462885786864	0.13745581737849777	7.919823428722623	0.1061648332581593
0.074	0.1267322784628322	0.13713365243004416	7.960645458845402	0.1061648332581593
0.075	0.129338632692469	0.13584499263622973	7.996982091024551	0.1061648332581593
0.076	0.1330715642070734	0.13584499263622973	8.042732784302693	0.10780764090892224
0.077	0.13513906580154472	0.13584499263622973	8.065093848290394	0.10864237295082685
0.078	0.13513906580154472	0.1348784977908689	8.067287303476103	0.10864237295082685
0.079	0.13513906580154472	0.1309096793793496	8.067287303476103	0.10864237295082685
0.08	0.1351733863314446	0.1271507373290196	8.073792965352379	0.10864237295082685
0.081	0.1351733863314446	0.1252982326951399	8.079691539981358	0.10864237295082685
0.082	0.1369576913573468	0.12244108983799706	8.09817749658042	0.10864237295082685
0.083	0.1369576913573468	0.11797312223858615	8.09817749658042	0.10864237295082685
0.084	0.1369576913573468	0.11668446244477171	8.10126688538078	0.10864237295082685
0.085	0.1390768723641053	0.11668446244477171	8.130310138276393	0.10864237295082685
0.08600000000000001	0.14110869542222845	0.1160401325478645	8.153988130412266	0.10864237295082685
0.08700000000000001	0.14355212158325864	0.11253865979381444	8.17684637396234	0.10864237295082685
0.088	0.14685588422873164	0.11253865979381444	8.212549202172385	0.10864237295082685
0.089	0.14867161536101492	0.11221649484536082	8.231520728131139	0.10864237295082685
0.09	0.14867161536101492	0.10650220913107511	8.231520728131139	0.10864237295082685
0.091	0.15097209905715353	0.10440051368978435	8.231520728131139	0.10864237295082685
0.092	0.15123866510748185	0.10308492334053046	8.231520728131139	0.10864237295082685
0.093	0.15123866510748185	0.09613525140103624	8.231520728131139	0.10864237295082685
0.094	0.15123866510748185	0.09567562592047128	8.231520728131139	0.10864237295082685
0.095	0.15123866510748185	0.09535346097201768	8.231520728131139	0.10864237295082685
0.096	0.15123866510748185	0.09271832823057291	8.231520728131139	0.10864237295082685
0.097	0.15123866510748185	0.08816650639468909	8.231520728131139	0.10864237295082685
0.098	0.15123866510748185	0.0873840206185567	8.231520728131139	0.10864237295082685
0.099	0.15123866510748185	0.08673969072164948	8.231520728131139	0.10864237295082685
0.1	0.15123866510748185	0.08577319587628865	8.231520728131139	0.10864237295082685
0.101	0.15123866510748185	0.08545103092783504	8.231520728131139	0.10864237295082685
0.10200000000000001	0.15123866510748185	0.08480670103092783	8.231520728131139	0.10864237295082685
0.10300000000000001	0.15123866510748185	0.08480670103092783	8.231520728131139	0.10864237295082685
0.10400000000000001	0.15123866510748185	0.08416237113402061	8.231688553878083	0.10864237295082685
0.105	0.15123866510748185	0.08407484077851216	8.245878028946079	0.10864237295082685
0.106	0.1521320404061533	0.083840206185567	8.258381728249114	0.10864237295082685
0.107	0.15383029613939467	0.08338901969973991	8.278417866019604	0.10864237295082685
0.108	0.15735701256890003	0.08319587628865979	8.318755617841523	0.10864237295082685
0.109	0.1595317527367673	0.08287371134020619	8.346824864184207	0.10864237295082685
0.11	0.16280953475478302	0.08287371134020619	8.376375345161916	0.10864237295082685
0.111	0.16280953475478302	0.08222938144329897	8.379725220802657	0.10864237295082685
0.112	0.16390794316746088	0.08158505154639176	8.398715296984532	0.10864237295082685
0.113	0.16523307196091352	0.08126288659793815	8.412757277827819	0.10864237295082685
0.114	0.16714974359469814	0.08126288659793815	8.428055999026785	0.10864237295082685
0.115	0.1683087659888599	0.08096373022835217	8.441402362803625	0.10864237295082685
0.116	0.16906989276838094	0.08061855670103092	8.451913313484376	0.10864237295082685
0.117	0.16906989276838094	0.08029639175257731	8.454887441168083	0.10864237295082685
0.11800000000000001	0.1717992407459665	0.08023485885124503	8.47282370952123	0.10864237295082685
0.11900000000000001	0.1728001877815174	0.07997422680412371	8.48257274194522	0.10864237295082685
0.12	0.1728001877815174	0.07679491899852724	8.48257274194522	0.10864237295082685
0.121	0.1728001877815174	0.07679491899852724	8.48257274194522	0.10864237295082685
0.122	0.1748943904635268	0.07679491899852724	8.500127861917223	0.10864237295082685
0.123	0.1765807729831741	0.07679491899852724	8.516127865633267	0.10864237295082685
0.124	0.17989394217060087	0.07679491899852724	8.538296396631253	0.10864237295082685
0.125	0.18045481895365006	0.07647275405007362	8.55051407382124	0.10864237295082685
0.126	0.18200530937236076	0.07647275405007362	8.564689490675043	0.10864237295082685
0.127	0.18464509166300425	0.07647275405007362	8.582228961579391	0.10864237295082685
0.128	0.18707112902392528	0.07647275405007362	8.60177184790778	0.10864237295082685
0.129	0.18707112902392528	0.07615058910162002	8.60207988366256	0.10864237295082685
0.13	0.18707112902392528	0.07329344624447717	8.60207988366256	0.10864237295082685
0.131	0.18774633460691625	0.07329344624447717	8.60207988366256	0.10864237295082685
0.132	0.19003259185636062	0.07329344624447717	8.611659927997021	0.10864237295082685
0.133	0.19169085825399865	0.07329344624447717	8.623318366414605	0.10864237295082685
0.134	0.19443139902104514	0.07329344624447717	8.644472513636682	0.10864237295082685
0.135	0.19443139902104514	0.07297128129602357	8.64580066810033	0.10864237295082685
0.136	0.19510945911344196	0.07264911634756996	8.653272095879524	0.10864237295082685
0.137	0.20085201242339246	0.07264911634756996	8.692950939481076	0.10864237295082685
0.138	0.2008714009752426	0.07210487380254495	8.696366568701235	0.10864237295082685
0.139	0.2008714009752426	0.07168262150220912	8.698925039856142	0.10864237295082685
0.14	0.20263786266016987	0.07168262150220912	8.714484645246769	0.10864237295082685
0.14100000000000001	0.20423350609368485	0.07168262150220912	8.725749154621965	0.10864237295082685
0.14200000000000002	0.2063784247878824	0.07168262150220912	8.745030788173812	0.10864237295082685
0.14300000000000002	0.2104867336557621	0.07159353021644786	8.778280481301653	0.10864237295082685
0.14400000000000002	0.2104867336557621	0.06961780727013882	8.778280481301653	0.10864237295082685
0.145	0.21074920456558852	0.06850331369661267	8.778280481301653	0.10864237295082685
0.146	0.2140769062476887	0.06850331369661267	8.792227394911722	0.10864237295082685
0.147	0.21668422655233413	0.06850331369661267	8.809946506239468	0.10864237295082685
0.148	0.21973545395585553	0.06850331369661267	8.8332735914306	0.10864237295082685
0.149	0.2215294551324571	0.06850331369661267	8.844012312410008	0.10864237295082685
0.15	0.22250474878885446	0.06850331369661267	8.849914259421835	0.10864237295082685
0.151	0.22250474878885446	0.06347629785725212	8.849914259421835	0.10864237295082685
0.152	0.22250474878885446	0.06246686303387335	8.849914259421835	0.10864237295082685
0.153	0.22250474878885446	0.06183746403071659	8.849914259421835	0.10864237295082685
0.154	0.22250474878885446	0.06117820324005892	8.849914259421835	0.10864237295082685
0.155	0.22250474878885446	0.06117820324005892	8.849914259421835	0.10864237295082685
0.156	0.22250474878885446	0.06116658872892931	8.849914259421835	0.10864237295082685
0.157	0.22250474878885446	0.060211708394698096	8.849914259421835	0.10864237295082685
0.158	0.22250474878885446	0.060211708394698096	8.849914259421835	0.10864237295082685
0.159	0.22250474878885446	0.060211708394698096	8.849914259421835	0.10864237295082685
0.16	0.22250474878885446	0.060211708394698096	8.849914259421835	0.10864237295082685
0.161	0.22250474878885446	0.060211708394698096	8.849914259421835	0.10864237295082685
0.162	0.22250474878885446	0.05988954344624448	8.849914259421835	0.10864237295082685
0.163	0.22250474878885446	0.05988954344624448	8.849914259421835	0.10864237295082685
0.164	0.22250474878885446	0.05988954344624448	8.849914259421835	0.10864237295082685
0.165	0.22250474878885446	0.05988954344624448	8.849914259421835	0.10864237295082685
0.166	0.22250474878885446	0.05988954344624448	8.849914259421835	0.10864237295082685
0.167	0.22250474878885446	0.059567378497790875	8.849914259421835	0.10864237295082685
0.168	0.22250474878885446	0.05952567482560022	8.849914259421835	0.10864237295082685
0.169	0.22250474878885446	0.05944087937977069	8.849914259421835	0.10864237295082685
0.17	0.22250474878885446	0.05935608393394116	8.853660369578444	0.10864237295082685
0.171	0.22250474878885446	0.059271288488111626	8.853973102107307	0.10864237295082685
0.17200000000000001	0.22250474878885446	0.05924521354933727	8.860847337078152	0.10864237295082685
0.17300000000000001	0.22250474878885446	0.05924521354933727	8.867389772024566	0.10864237295082685
0.17400000000000002	0.22250474878885446	0.05924521354933727	8.872100505341084	0.10864237295082685
0.17500000000000002	0.2233555166078114	0.05924521354933727	8.880802075113241	0.10864237295082685
0.176	0.22407312057920203	0.05924521354933727	8.886412421935802	0.10864237295082685
0.177	0.22814928698604975	0.05924521354933727	8.910133145680827	0.10864237295082685
0.178	0.22814928698604975	0.05879732003620898	8.910133145680827	0.10864237295082685
0.179	0.22814928698604975	0.05850597080711179	8.910133145680827	0.10864237295082685
0.18	0.22814928698604975	0.05833214348764932	8.910133145680827	0.10864237295082685
0.181	0.22814928698604975	0.05820962526691259	8.910133145680827	0.10864237295082685
0.182	0.22814928698604975	0.05810987382165859	8.910133145680827	0.10864237295082685
0.183	0.22814928698604975	0.058010122376404585	8.910133145680827	0.10864237295082685
0.184	0.22814928698604975	0.05795655375552283	8.910133145680827	0.10864237295082685
0.185	0.22814928698604975	0.05795655375552283	8.910133145680827	0.10864237295082685
0.186	0.22814928698604975	0.05795655375552283	8.922896130570397	0.10864237295082685
0.187	0.22814928698604975	0.05780883126040178	8.925183584558647	0.10864237295082685
0.188	0.22814928698604975	0.057634388807069226	8.932621729297848	0.10864237295082685
0.189	0.22959803994843356	0.057634388807069226	8.941203239332305	0.10864237295082685
0.19	0.23099285603970512	0.057634388807069226	8.949250964099589	0.10864237295082685
0.191	0.23238767213097666	0.057634388807069226	8.95729868886687	0.10864237295082685
0.192	0.23705562286351578	0.057634388807069226	8.982071925789645	0.10864237295082685
0.193	0.23705562286351578	0.05731222385861562	8.982071925789645	0.10864237295082685
0.194	0.23705562286351578	0.057284564182885696	8.982071925789645	0.10864237295082685
0.195	0.23705562286351578	0.05709297803231684	8.982071925789645	0.10864237295082685
0.196	0.23705562286351578	0.056667893961708404	8.982071925789645	0.10864237295082685
0.197	0.23705562286351578	0.056667893961708404	8.982071925789645	0.10864237295082685
0.198	0.23705562286351578	0.056487649430613254	8.982071925789645	0.10864237295082685
0.199	0.23705562286351578	0.056314831721526515	8.982071925789645	0.10864237295082685
0.2	0.23705562286351578	0.056139513017930284	8.982071925789645	0.10864237295082685
0.201	0.23705562286351578	0.055973733421446854	8.982071925789645	0.10864237295082685
0.202	0.23705562286351578	0.055826583673915325	8.982071925789645	0.10864237295082685
0.203	0.23705562286351578	0.055701399116347576	8.982071925789645	0.10864237295082685
0.20400000000000001	0.23705562286351578	0.055701399116347576	8.982071925789645	0.10864237295082685
0.20500000000000002	0.23705562286351578	0.055701399116347576	8.982071925789645	0.10864237295082685
0.20600000000000002	0.23705562286351578	0.055701399116347576	8.989349871300249	0.10864237295082685
0.20700000000000002	0.23705562286351578	0.055701399116347576	8.998208799223974	0.10864237295082685
0.20800000000000002	0.23705562286351578	0.055701399116347576	9.009805969194584	0.10864237295082685
0.209	0.23705562286351578	0.055701399116347576	9.014323575342416	0.10864237295082685
0.21	0.23705562286351578	0.05537923416789397	9.014323575342416	0.10864237295082685
0.211	0.23705562286351578	0.05537923416789397	9.014323575342416	0.10864237295082685
0.212	0.23705562286351578	0.05537923416789397	9.014323575342416	0.10864237295082685
0.213	0.23705562286351578	0.05537923416789397	9.014323575342416	0.10864237295082685
0.214	0.23705562286351578	0.05537923416789397	9.020662470653319	0.10864237295082685
0.215	0.23705562286351578	0.05537923416789397	9.024034911614029	0.10864237295082685
0.216	0.23705562286351578	0.05537923416789397	9.02740735257474	0.10864237295082685
0.217	0.23705562286351578	0.05537923416789397	9.030340260502296	0.10864237295082685
0.218	0.23715431449094937	0.05537923416789397	9.033176473039358	0.10864237295082685
0.219	0.23755832047561842	0.05537923416789397	9.03601268557642	0.10864237295082685
0.22	0.23826424444002683	0.05537923416789397	9.04103862723336	0.10864237295082685
0.221	0.23988462362129795	0.05537923416789397	9.051587760380727	0.10864237295082685
0.222	0.24251056330585158	0.05537923416789397	9.064595357092855	0.10864237295082685
0.223	0.24503563344302562	0.05533049256486739	9.0769413262486	0.10864237295082685
0.224	0.24503563344302562	0.05514686964241826	9.0769413262486	0.10864237295082685
0.225	0.24503563344302562	0.05505706921944036	9.0769413262486	0.10864237295082685
0.226	0.24591487505974713	0.05505706921944036	9.082765048596194	0.10864237295082685
0.227	0.246550068467209	0.05505706921944036	9.08633233157651	0.10864237295082685
0.228	0.24719465161459625	0.05505706921944036	9.089969945224349	0.10864237295082685
0.229	0.24783923476198355	0.05505706921944036	9.093607558872185	0.10864237295082685
0.23	0.24783923476198355	0.05499526565558249	9.093607558872185	0.10864237295082685
0.231	0.24783923476198355	0.05488625312540669	9.093607558872185	0.10864237295082685
0.232	0.24783923476198355	0.05477724059523088	9.093607558872185	0.10864237295082685
0.233	0.24783923476198355	0.05436647313817396	9.093607558872185	0.10864237295082685
0.234	0.24783923476198355	0.0518777614138439	9.093607558872185	0.10864237295082685
0.23500000000000001	0.24783923476198355	0.0518777614138439	9.093607558872185	0.10864237295082685
0.23600000000000002	0.24783923476198355	0.05180430501292381	9.093607558872185	0.10864237295082685
0.23700000000000002	0.24783923476198355	0.051725770911117325	9.093607558872185	0.10864237295082685
0.23800000000000002	0.24783923476198355	0.05164723680931085	9.093607558872185	0.10864237295082685
0.23900000000000002	0.24783923476198355	0.05156870270750436	9.093607558872185	0.10864237295082685
0.24	0.24783923476198355	0.05107586413335346	9.093607558872185	0.10864237295082685
0.241	0.24783923476198355	0.050823758086653424	9.093607558872185	0.10864237295082685
0.242	0.24783923476198355	0.05069952879178204	9.093607558872185	0.10864237295082685
0.243	0.24783923476198355	0.05058910162002946	9.093607558872185	0.10864237295082685
0.244	0.24783923476198355	0.05058910162002946	9.093607558872185	0.10864237295082685
0.245	0.24783923476198355	0.05058910162002946	9.093607558872185	0.10864237295082685
0.246	0.24783923476198355	0.05058910162002946	9.093607558872185	0.10864237295082685
0.247	0.24783923476198355	0.05058910162002946	9.093607558872185	0.10864237295082685
0.248	0.24783923476198355	0.05058910162002946	9.093607558872185	0.10864237295082685
0.249	0.24783923476198355	0.05058910162002946	9.093607558872185	0.10864237295082685
0.25	0.24783923476198355	0.05058910162002946	9.093607558872185	0.10864237295082685
0.251	0.24783923476198355	0.050465212844112525	9.093607558872185	0.10864237295082685
0.252	0.24783923476198355	0.050277388175273406	9.093607558872185	0.10864237295082685
0.253	0.24783923476198355	0.04951149320072337	9.093607558872185	0.10864237295082685
0.254	0.24783923476198355	0.04676546391752578	9.093607558872185	0.10864237295082685
0.255	0.24783923476198355	0.04676546391752578	9.093607558872185	0.10864237295082685
0.256	0.24783923476198355	0.04666717167014437	9.093607558872185	0.10864237295082685
0.257	0.24783923476198355	0.046254986998559754	9.093607558872185	0.10864237295082685
0.258	0.24783923476198355	0.04578169230353507	9.093607558872185	0.10864237295082685
0.259	0.24783923476198355	0.04549993082417568	9.093607558872185	0.10864237295082685
0.26	0.24783923476198355	0.04523866492478085	9.093607558872185	0.10864237295082685
0.261	0.24783923476198355	0.045154639175257735	9.093607558872185	0.10864237295082685
0.262	0.24783923476198355	0.045154639175257735	9.093607558872185	0.10864237295082685
0.263	0.24783923476198355	0.04483247422680413	9.093607558872185	0.10864237295082685
0.264	0.24783923476198355	0.04483247422680413	9.093607558872185	0.10864237295082685
0.265	0.24783923476198355	0.04483247422680413	9.093607558872185	0.10864237295082685
0.266	0.24783923476198355	0.04463447587811455	9.093607558872185	0.10864237295082685
0.267	0.24783923476198355	0.044510309278350514	9.093607558872185	0.10864237295082685
0.268	0.24783923476198355	0.04447528903355264	9.093607558872185	0.10864237295082685
0.269	0.24783923476198355	0.04441963676910314	9.093607558872185	0.10864237295082685
0.27	0.24783923476198355	0.04436398450465364	9.093607558872185	0.10864237295082685
0.271	0.24783923476198355	0.04430833224020413	9.093607558872185	0.10864237295082685
0.272	0.24783923476198355	0.04425267997575463	9.093607558872185	0.10864237295082685
0.273	0.24783923476198355	0.04419702771130513	9.093607558872185	0.10864237295082685
0.274	0.24783923476198355	0.04418814432989691	9.093607558872185	0.10864237295082685
0.275	0.24783923476198355	0.04418814432989691	9.093607558872185	0.10864237295082685
0.276	0.24783923476198355	0.044069047819454504	9.093607558872185	0.10864237295082685
0.277	0.24783923476198355	0.04391433101349221	9.093607558872185	0.10864237295082685
0.278	0.24783923476198355	0.0438659793814433	9.093607558872185	0.10864237295082685
0.279	0.24783923476198355	0.0438659793814433	9.093607558872185	0.10864237295082685
0.28	0.24783923476198355	0.0438659793814433	9.093607558872185	0.10864237295082685
0.281	0.24783923476198355	0.0438659793814433	9.093607558872185	0.10864237295082685
0.28200000000000003	0.24783923476198355	0.0438659793814433	9.093607558872185	0.10864237295082685
0.28300000000000003	0.24783923476198355	0.04360024231491213	9.093607558872185	0.10864237295082685
0.28400000000000003	0.24783923476198355	0.04354381443298969	9.093607558872185	0.10864237295082685
0.28500000000000003	0.24783923476198355	0.04354381443298969	9.093607558872185	0.10864237295082685
0.28600000000000003	0.24783923476198355	0.04354381443298969	9.093607558872185	0.10864237295082685
0.28700000000000003	0.24783923476198355	0.04354381443298969	9.093607558872185	0.10864237295082685
0.28800000000000003	0.24783923476198355	0.04354381443298969	9.093607558872185	0.10864237295082685
0.289	0.24783923476198355	0.04354381443298969	9.093607558872185	0.10864237295082685
0.29	0.24783923476198355	0.04354381443298969	9.093607558872185	0.10864237295082685
0.291	0.24783923476198355	0.04354381443298969	9.093607558872185	0.10864237295082685
0.292	0.24783923476198355	0.04354381443298969	9.093607558872185	0.10864237295082685
0.293	0.24783923476198355	0.04354381443298969	9.093607558872185	0.10864237295082685
0.294	0.24783923476198355	0.04354381443298969	9.093607558872185	0.10864237295082685
0.295	0.24783923476198355	0.04354381443298969	9.093607558872185	0.10864237295082685
0.296	0.24783923476198355	0.04353682477867194	9.093607558872185	0.10864237295082685
0.297	0.24783923476198355	0.04338055805422576	9.093607558872185	0.10864237295082685
0.298	0.24783923476198355	0.04322429132977958	9.093607558872185	0.10864237295082685
0.299	0.24783923476198355	0.04306737116362416	9.093607558872185	0.10864237295082685
0.3	0.24783923476198355	0.042910439760409494	9.093607558872185	0.10864237295082685
0.301	0.24783923476198355	0.04289948453608248	9.093607558872185	0.10864237295082685
0.302	0.24783923476198355	0.04289948453608248	9.093607558872185	0.10864237295082685
0.303	0.24783923476198355	0.04289948453608248	9.093607558872185	0.10864237295082685
0.304	0.24783923476198355	0.04289948453608248	9.093607558872185	0.10864237295082685
0.305	0.24783923476198355	0.04289948453608248	9.093607558872185	0.10864237295082685
0.306	0.24783923476198355	0.04257092383953637	9.093607558872185	0.10864237295082685
0.307	0.24783923476198355	0.04248967084651737	9.093607558872185	0.10864237295082685
0.308	0.24783923476198355	0.0420948091786805	9.093607558872185	0.10864237295082685
0.309	0.24783923476198355	0.041568668177986996	9.093607558872185	0.10864237295082685
0.31	0.24783923476198355	0.041042765481230745	9.093607558872185	0.10864237295082685
0.311	0.24783923476198355	0.04051871940495456	9.093607558872185	0.10864237295082685
0.312	0.24783923476198355	0.03999467332867837	9.093607558872185	0.10864237295082685
0.313	0.24783923476198355	0.039470627252402184	9.093607558872185	0.10864237295082685
0.314	0.24783923476198355	0.03907285583325742	9.093607558872185	0.10864237295082685
0.315	0.24783923476198355	0.039004660016631915	9.093607558872185	0.10864237295082685
0.316	0.24783923476198355	0.03893646420000641	9.093607558872185	0.10864237295082685
0.317	0.24783923476198355	0.03886826838338091	9.093607558872185	0.10864237295082685
0.318	0.24783923476198355	0.038800072566755404	9.093607558872185	0.10864237295082685
0.319	0.24783923476198355	0.03875368188512519	9.093607558872185	0.10864237295082685
0.32	0.24783923476198355	0.03875368188512519	9.093607558872185	0.10864237295082685
0.321	0.24783923476198355	0.03875368188512519	9.093607558872185	0.10864237295082685
0.322	0.24783923476198355	0.03875368188512519	9.093607558872185	0.10864237295082685
0.323	0.24783923476198355	0.03875368188512519	9.093607558872185	0.10864237295082685
0.324	0.24783923476198355	0.03875368188512519	9.093607558872185	0.10864237295082685
0.325	0.24783923476198355	0.03875368188512519	9.093607558872185	0.10864237295082685
0.326	0.24783923476198355	0.03875368188512519	9.093607558872185	0.10864237295082685
0.327	0.24783923476198355	0.03875368188512519	9.093607558872185	0.10864237295082685
0.328	0.24783923476198355	0.03875368188512519	9.093607558872185	0.10864237295082685
0.329	0.24783923476198355	0.03875368188512519	9.093607558872185	0.10864237295082685
0.33	0.24783923476198355	0.03589653902798233	9.093607558872185	0.10864237295082685
0.331	0.24783923476198355	0.03589653902798233	9.093607558872185	0.10864237295082685
0.332	0.24783923476198355	0.03589653902798233	9.093607558872185	0.10864237295082685
0.333	0.24783923476198355	0.03589653902798233	9.093607558872185	0.10864237295082685
0.334	0.24783923476198355	0.03589653902798233	9.093607558872185	0.10864237295082685
0.335	0.24783923476198355	0.03417067777045284	9.093607558872185	0.10864237295082685
0.336	0.24783923476198355	0.03303939617083947	9.093607558872185	0.10864237295082685
0.337	0.24783923476198355	0.03303939617083947	9.093607558872185	0.10864237295082685
0.338	0.24783923476198355	0.03303939617083947	9.093607558872185	0.10864237295082685
0.339	0.24783923476198355	0.03303939617083947	9.093607558872185	0.10864237295082685
0.34	0.24783923476198355	0.03303939617083947	9.093607558872185	0.10864237295082685
0.341	0.24783923476198355	0.03303939617083947	9.093607558872185	0.10864237295082685
0.342	0.24783923476198355	0.03298191862229222	9.093607558872185	0.10864237295082685
0.343	0.24783923476198355	0.03273992521320051	9.093607558872185	0.10864237295082685
0.34400000000000003	0.24783923476198355	0.0324979318041088	9.093607558872185	0.10864237295082685
0.34500000000000003	0.24783923476198355	0.032255938395017086	9.093607558872185	0.10864237295082685
0.34600000000000003	0.24783923476198355	0.03201394498592538	9.093607558872185	0.10864237295082685
0.34700000000000003	0.24783923476198355	0.03177195157683367	9.093607558872185	0.10864237295082685
0.34800000000000003	0.24783923476198355	0.03152995816774196	9.093607558872185	0.10864237295082685
0.34900000000000003	0.24783923476198355	0.031287964758650255	9.093607558872185	0.10864237295082685
0.35000000000000003	0.24783923476198355	0.031045971349558544	9.093607558872185	0.10864237295082685
0.35100000000000003	0.24783923476198355	0.030803977940466836	9.093607558872185	0.10864237295082685
0.352	0.24783923476198355	0.03056198453137514	9.093607558872185	0.10864237295082685
0.353	0.24783923476198355	0.03031999112228343	9.093607558872185	0.10864237295082685
0.354	0.24783923476198355	0.029671410835654093	9.093607558872185	0.10864237295082685
0.355	0.24783923476198355	0.028485666260094654	9.093607558872185	0.10864237295082685
0.356	0.24783923476198355	0.02732511045655376	9.093607558872185	0.10864237295082685
0.357	0.24783923476198355	0.02732511045655376	9.093607558872185	0.10864237295082685
0.358	0.24783923476198355	0.027277865375142554	9.093607558872185	0.10864237295082685
0.359	0.24783923476198355	0.02689468213096632	9.093607558872185	0.10864237295082685
0.36	0.24783923476198355	0.025942780236326766	9.093607558872185	0.10864237295082685
0.361	0.24783923476198355	0.024990878341687207	9.093607558872185	0.10864237295082685
0.362	0.24783923476198355	0.02419790356999757	9.093607558872185	0.10864237295082685
0.363	0.24783923476198355	0.024143777184862086	9.093607558872185	0.10864237295082685
0.364	0.24783923476198355	0.024112469261603646	9.093607558872185	0.10864237295082685
0.365	0.24783923476198355	0.024081161338345206	9.093607558872185	0.10864237295082685
0.366	0.24783923476198355	0.024049853415086767	9.093607558872185	0.10864237295082685
0.367	0.24783923476198355	0.024018545491828327	9.093607558872185	0.10864237295082685
0.368	0.24783923476198355	0.023987237568569887	9.093607558872185	0.10864237295082685
0.369	0.24783923476198355	0.02395592964531145	9.093607558872185	0.10864237295082685
0.37	0.24783923476198355	0.02392462172205301	9.093607558872185	0.10864237295082685
0.371	0.24783923476198355	0.01995484932879472	9.093607558872185	0.10864237295082685
0.372	0.24783923476198355	0.017052926227975544	9.093607558872185	0.10864237295082685
0.373	0.24783923476198355	0.015405798393663147	9.093607558872185	0.10864237295082685
0.374	0.24783923476198355	0.014469287929807723	9.093607558872185	0.10864237295082685
0.375	0.24783923476198355	0.013434993675894197	9.093607558872185	0.10864237295082685
0.376	0.24783923476198355	0.012425122705834069	9.093607558872185	0.10864237295082685
0.377	0.24783923476198355	0.012072901325478645	9.093607558872185	0.10864237295082685
0.378	0.24783923476198355	0.011595602646165064	9.093607558872185	0.10864237295082685
0.379	0.24783923476198355	0.010963186939589746	9.093607558872185	0.10864237295082685
0.38	0.24783923476198355	0.010330771233014428	9.093607558872185	0.10864237295082685
0.381	0.24783923476198355	0.009698355526439112	9.093607558872185	0.10864237295082685
0.382	0.24783923476198355	0.009215758468335788	9.093607558872185	0.10864237295082685
0.383	0.24783923476198355	0.009215758468335788	9.093607558872185	0.10864237295082685
0.384	0.24783923476198355	0.00920232027099216	9.093607558872185	0.10864237295082685
0.385	0.24783923476198355	0.009158516536276204	9.093607558872185	0.10864237295082685
0.386	0.24783923476198355	0.009114712801560251	9.093607558872185	0.10864237295082685
0.387	0.24783923476198355	0.009070909066844298	9.093607558872185	0.10864237295082685
0.388	0.24783923476198355	0.009027105332128344	9.093607558872185	0.10864237295082685
0.389	0.24783923476198355	0.00898330159741239	9.093607558872185	0.10864237295082685
0.39	0.24783923476198355	0.008939497862696436	9.093607558872185	0.10864237295082685
0.391	0.24783923476198355	0.008895694127980483	9.093607558872185	0.10864237295082685
0.392	0.24783923476198355	0.00889359351988218	9.093607558872185	0.10864237295082685
0.393	0.24783923476198355	0.00889359351988218	9.093607558872185	0.10864237295082685
0.394	0.24783923476198355	0.00889359351988218	9.093607558872185	0.10864237295082685
0.395	0.24783923476198355	0.00889359351988218	9.093607558872185	0.10864237295082685
0.396	0.24783923476198355	0.00889359351988218	9.093607558872185	0.10864237295082685
0.397	0.24783923476198355	0.00889359351988218	9.093607558872185	0.10864237295082685
0.398	0.24783923476198355	0.00889359351988218	9.093607558872185	0.10864237295082685
0.399	0.24783923476198355	0.00889359351988218	9.093607558872185	0.10864237295082685
0.4	0.24783923476198355	0.008586591979909885	9.093607558872185	0.10864237295082685
0.401	0.24783923476198355	0.008571428571428572	9.902224504525224	0.10864237295082685
0.402	0.24783923476198355	0.008571428571428572	9.926564161999249	0.10864237295082685
0.403	0.24783923476198355	0.008571428571428572	9.979344838464094	0.10864237295082685
0.404	0.24783923476198355	0.008571428571428572	10.011525887070418	0.10864237295082685
0.405	0.24783923476198355	0.008571428571428572	10.03186239913421	0.10864237295082685
0.406	0.24783923476198355	0.008571428571428572	10.052198911198003	0.10864237295082685
0.40700000000000003	0.24783923476198355	0.008571428571428572	10.07231267501488	0.10864237295082685
0.40800000000000003	0.24783923476198355	0.008571428571428572	10.076070722735407	0.10864237295082685
0.40900000000000003	0.24783923476198355	0.008571428571428572	10.079828770455935	0.10864237295082685
0.41000000000000003	0.24783923476198355	0.008571428571428572	10.083586818176462	0.10864237295082685
0.41100000000000003	0.24783923476198355	0.008571428571428572	10.087344865896988	0.10864237295082685
0.41200000000000003	0.24783923476198355	0.008571428571428572	10.091102913617515	0.10864237295082685
0.41300000000000003	0.24783923476198355	0.008571428571428572	10.094860961338043	0.10864237295082685
0.41400000000000003	0.24783923476198355	0.008571428571428572	10.09861900905857	0.10864237295082685
0.41500000000000004	0.24783923476198355	0.008571428571428572	10.102377056779098	0.10864237295082685
0.41600000000000004	0.24783923476198355	0.008571428571428572	10.106135104499625	0.10864237295082685
0.417	0.24783923476198355	0.008571428571428572	10.10989315222015	0.10864237295082685
0.418	0.24783923476198355	0.008571428571428572	10.113651199940678	0.10864237295082685
0.419	0.24783923476198355	0.008571428571428572	10.117409247661206	0.10864237295082685
0.42	0.24783923476198355	0.008571428571428572	10.121167295381733	0.10864237295082685
0.421	0.24783923476198355	0.008571428571428572	10.12492534310226	0.10864237295082685
0.422	0.24783923476198355	0.008571428571428572	10.128683390822788	0.10864237295082685
0.423	0.24783923476198355	0.008571428571428572	10.132441438543314	0.10864237295082685
0.424	0.24783923476198355	0.008571428571428572	10.136199486263841	0.10864237295082685
0.425	0.24783923476198355	0.008571428571428572	10.139957533984369	0.10864237295082685
0.426	0.24783923476198355	0.008571428571428572	10.143715581704896	0.10864237295082685
0.427	0.24783923476198355	0.008571428571428572	10.147473629425424	0.10864237295082685
0.428	0.24783923476198355	0.008571428571428572	10.155801434010092	0.10864237295082685
0.429	0.24783923476198355	0.008571428571428572	10.177319214598143	0.10864237295082685
0.43	0.24783923476198355	0.008571428571428572	10.198836995186193	0.10864237295082685
0.431	0.24783923476198355	0.008571428571428572	10.220354775774242	0.10864237295082685
0.432	0.24783923476198355	0.008571428571428572	10.265548740748155	0.10864237295082685
0.433	0.24783923476198355	0.008571428571428572	10.331870397671533	0.10864237295082685
0.434	0.24783923476198355	0.008571428571428572	10.37181507468708	0.10864237295082685
0.435	0.24783923476198355	0.008571428571428572	10.411759751702625	0.10864237295082685
0.436	0.24783923476198355	0.007855198196355988	10.411759751702625	0.10864237295082685
0.437	0.24783923476198355	0.00711026014354211	10.411759751702625	0.10864237295082685
0.438	0.24783923476198355	0.006365322090728233	10.411759751702625	0.10864237295082685
0.439	0.24783923476198355	0.005714285714285714	10.411759751702625	0.10864237295082685
0.44	0.24783923476198355	0.005714285714285714	10.411759751702625	0.10864237295082685
0.441	0.24783923476198355	0.005714285714285714	10.411759751702625	0.10864237295082685
0.442	0.24783923476198355	0.005714285714285714	10.411759751702625	0.10864237295082685
0.443	0.24783923476198355	0.005714285714285714	10.411759751702625	0.10864237295082685
0.444	0.24783923476198355	0.005714285714285714	10.411759751702625	0.10864237295082685
0.445	0.24783923476198355	0.005714285714285714	10.411759751702625	0.10864237295082685
0.446	0.24783923476198355	0.005714285714285714	10.411759751702625	0.10864237295082685
0.447	0.24783923476198355	0.005714285714285714	10.411759751702625	0.10864237295082685
0.448	0.24783923476198355	0.005714285714285714	10.411759751702625	0.10864237295082685
0.449	0.24783923476198355	0.005714285714285714	10.411759751702625	0.10864237295082685
0.45	0.24783923476198355	0.005714285714285714	10.411759751702625	0.10864237295082685
0.451	0.24783923476198355	0.005714285714285714	10.411759751702625	0.10864237295082685
0.452	0.24783923476198355	0.005714285714285714	10.411759751702625	0.10864237295082685
0.453	0.24783923476198355	0.005714285714285714	10.411759751702625	0.10864237295082685
0.454	0.24783923476198355	0.005714285714285714	10.411759751702625	0.10864237295082685
0.455	0.24783923476198355	0.005714285714285714	10.411759751702625	0.10864237295082685
0.456	0.24783923476198355	0.005714285714285714	10.411759751702625	0.10864237295082685
0.457	0.24783923476198355	0.005714285714285714	10.411759751702625	0.10864237295082685
0.458	0.24783923476198355	0.005714285714285714	10.411759751702625	0.10864237295082685
0.459	0.24783923476198355	0.005714285714285714	10.411759751702625	0.10864237295082685
0.46	0.24783923476198355	0.005714285714285714	10.411759751702625	0.10864237295082685
0.461	0.24783923476198355	0.005714285714285714	10.411759751702625	0.10864237295082685
0.462	0.24783923476198355	0.005714285714285714	10.411759751702625	0.10864237295082685
0.463	0.24783923476198355	0.005714285714285714	10.411759751702625	0.10864237295082685
0.464	0.24783923476198355	0.005714285714285714	10.411759751702625	0.10864237295082685
0.465	0.24783923476198355	0.005714285714285714	10.411759751702625	0.10864237295082685
0.466	0.24783923476198355	0.005714285714285714	10.411759751702625	0.10864237295082685
0.467	0.24783923476198355	0.005714285714285714	10.411759751702625	0.10864237295082685
0.468	0.24783923476198355	0.005714285714285714	10.411759751702625	0.10864237295082685
0.46900000000000003	0.24783923476198355	0.005714285714285714	10.411759751702625	0.10864237295082685
0.47000000000000003	0.24783923476198355	0.005714285714285714	10.411759751702625	0.10864237295082685
0.47100000000000003	0.24783923476198355	0.005714285714285714	10.411759751702625	0.10864237295082685
0.47200000000000003	0.24783923476198355	0.005501781867960883	10.411759751702625	0.10864237295082685
0.47300000000000003	0.24783923476198355	0.005212747502295068	10.411759751702625	0.10864237295082685
0.47400000000000003	0.24783923476198355	0.004923713136629252	10.411759751702625	0.10864237295082685
0.47500000000000003	0.24783923476198355	0.004634678770963437	10.411759751702625	0.10864237295082685
0.47600000000000003	0.24783923476198355	0.004345644405297621	10.411759751702625	0.10864237295082685
0.47700000000000004	0.24783923476198355	0.004056610039631805	10.411759751702625	0.10864237295082685
0.47800000000000004	0.24783923476198355	0.0037675756739659902	10.411759751702625	0.10864237295082685
0.47900000000000004	0.24783923476198355	0.0034785413083001744	10.411759751702625	0.10864237295082685
0.48	0.24783923476198355	0.003189506942634375	10.411759751702625	0.10864237295082685
0.481	0.24783923476198355	0.0029004725769685596	10.411759751702625	0.10864237295082685
0.482	0.24783923476198355	0.002857142857142857	10.411759751702625	0.10864237295082685
0.483	0.24783923476198355	0.002857142857142857	10.411759751702625	0.10864237295082685
0.484	0.24783923476198355	0.002857142857142857	10.411759751702625	0.10864237295082685
0.485	0.24783923476198355	0.002857142857142857	10.411759751702625	0.10864237295082685
0.486	0.24783923476198355	0.002857142857142857	10.411759751702625	0.10864237295082685
0.487	0.24783923476198355	0.002857142857142857	10.411759751702625	0.10864237295082685
0.488	0.24783923476198355	0.002857142857142857	10.411759751702625	0.10864237295082685
0.489	0.24783923476198355	0.002857142857142857	10.411759751702625	0.10864237295082685
0.49	0.24783923476198355	0.002857142857142857	10.411759751702625	0.10864237295082685
0.491	0.24783923476198355	0.002857142857142857	10.411759751702625	0.10864237295082685
0.492	0.24783923476198355	0.002857142857142857	10.411759751702625	0.10864237295082685
0.493	0.24783923476198355	0.002857142857142857	10.411759751702625	0.10864237295082685
0.494	0.24783923476198355	0.002857142857142857	10.411759751702625	0.10864237295082685
0.495	0.24783923476198355	0.002857142857142857	10.411759751702625	0.10864237295082685
0.496	0.24783923476198355	0.002857142857142857	10.411759751702625	0.10864237295082685
0.497	0.24783923476198355	0.002857142857142857	10.411759751702625	0.10864237295082685
0.498	0.24783923476198355	0.002857142857142857	10.411759751702625	0.10864237295082685
0.499	0.24783923476198355	0.002857142857142857	10.411759751702625	0.10864237295082685
0.5	0.24783923476198355	0.002857142857142857	10.411759751702625	0.10864237295082685
0.501	0.24783923476198355	0.002857142857142857	10.411759751702625	0.10864237295082685
0.502	0.24783923476198355	0.002857142857142857	10.411759751702625	0.10864237295082685
0.503	0.24783923476198355	0.002857142857142857	10.411759751702625	0.10864237295082685
0.504	0.24783923476198355	0.002857142857142857	10.411759751702625	0.10864237295082685
0.505	0.24783923476198355	0.002857142857142857	10.411759751702625	0.10864237295082685
0.506	0.24783923476198355	0.002857142857142857	10.411759751702625	0.10864237295082685
0.507	0.24783923476198355	0.002857142857142857	10.411759751702625	0.10864237295082685
0.508	0.24783923476198355	0.002857142857142857	10.411759751702625	0.10864237295082685
0.509	0.24783923476198355	0.002768858401633062	10.411759751702625	
0.51	0.24783923476198355	0.0019348453128818547	10.411759751702625	
0.511	0.24783923476198355	0.0011008322241306476	10.411759751702625	
0.512	0.24783923476198355	0.00026681913537944047	10.411759751702625	
0.513	0.24783923476198355	0.0		
0.514	0.24783923476198355	0.0		
0.515	0.24783923476198355	0.0		
0.516	0.24783923476198355	0.0		
0.517	0.24783923476198355	0.0		
0.518	0.24783923476198355	0.0		
0.519	0.24783923476198355	0.0		
0.52	0.24783923476198355	0.0		
0.521	0.24783923476198355	0.0		
0.522	0.24783923476198355	0.0		
0.523	0.24783923476198355	0.0		
0.524	0.24783923476198355	0.0		
0.525	0.24783923476198355	0.0		
0.526	0.24783923476198355	0.0		
0.527	0.24783923476198355	0.0		
0.528	0.24783923476198355	0.0		
0.529	0.24783923476198355	0.0		
0.53	0.24783923476198355	0.0		
0.531	0.24783923476198355	0.0		
0.532	0.24783923476198355	0.0		
0.533	0.24783923476198355	0.0		
0.534	0.24783923476198355	0.0		
0.535	0.24783923476198355	0.0		
0.536	0.24783923476198355	0.0		
0.537	0.24783923476198355	0.0		
0.538	0.24783923476198355	0.0		
0.539	0.24783923476198355	0.0		
0.54	0.24783923476198355	0.0		
0.541	0.24783923476198355	0.0		
0.542	0.24783923476198355	0.0		
0.543	0.24783923476198355	0.0		
0.544	0.24783923476198355	0.0		
0.545	0.24783923476198355	0.0		
0.546	0.24783923476198355	0.0		
0.547	0.24783923476198355	0.0		
0.548	0.24783923476198355	0.0		
0.549	0.24783923476198355	0.0		
0.55	0.24783923476198355	0.0		
0.551	0.24783923476198355	0.0		
0.552	0.24783923476198355	0.0		
0.553	0.24783923476198355	0.0		
0.554	0.24783923476198355	0.0		
0.555	0.24783923476198355	0.0		
0.556	0.24783923476198355	0.0		
0.557	0.24783923476198355	0.0		
0.558	0.24783923476198355	0.0		
0.559	0.24783923476198355	0.0		
0.56	0.24783923476198355	0.0		
0.561	0.24783923476198355	0.0		
0.562	0.24783923476198355	0.0		
0.5630000000000001	0.24783923476198355	0.0		
0.5640000000000001	0.24783923476198355	0.0		
0.5650000000000001	0.24783923476198355	0.0		
0.5660000000000001	0.24783923476198355	0.0		
0.5670000000000001	0.24783923476198355	0.0		
0.5680000000000001	0.24783923476198355	0.0		
0.5690000000000001	0.24783923476198355	0.0		
0.5700000000000001	0.24783923476198355	0.0		
0.5710000000000001	0.24783923476198355	0.0		
0.5720000000000001	0.24783923476198355	0.0		
0.5730000000000001	0.24783923476198355	0.0		
0.5740000000000001	0.24783923476198355	0.0		
0.5750000000000001	0.24783923476198355	0.0		
0.5760000000000001	0.24783923476198355	0.0		
0.577	0.25275315715928937	0.0		
0.578	0.2808251075369629	0.0		
0.579	0.3088970579146364	0.0		
0.58	0.33696900829230997	0.0		
0.581	0.36504095866998354	0.0		
0.582	0.39311290904765706	0.0		
0.583	0.42118485942533057	0.0		
0.584	0.4492568098030041	0.0		
0.585	0.47732876018067766	0.0		
0.586	0.5054007105583511	0.0		
0.587	0.5334726609360247	0.0		
0.588	0.5615446113136983	0.0		
0.589	0.5896165616913718	0.0		
0.59	0.6176885120690454	0.0		
0.591	0.6457604624467188	0.0		
0.592	0.6738324128243924	0.0		
0.593	0.701904363202066	0.0		
0.594	0.7299763135797395	0.0		
0.595	0.758048263957413	0.0		
0.596	0.7861202143350865	0.0		
0.597	0.8141921647127601	0.0		
0.598	0.8422641150904335	0.0		
0.599	0.8703360654681072	0.0		
0.6	0.8984080158457807	0.0		
0.601	0.9264799662234542	0.0		
0.602	0.9545519166011278	0.0		
0.603	0.9826238669788012	0.0		
0.604	1.0	0.0		
0.605	1.0	0.0		
0.606	1.0	0.0		
0.607	1.0	0.0		
0.608	1.0	0.0		
0.609	1.0	0.0		
0.61	1.0	0.0		
0.611	1.0	0.0		
0.612	1.0	0.0		
0.613	1.0	0.0		
0.614	1.0	0.0		
0.615	1.0	0.0		
0.616	1.0	0.0		
0.617	1.0	0.0		
0.618	1.0	0.0		
0.619	1.0	0.0		
0.62	1.0	0.0		
0.621	1.0	0.0		
0.622	1.0	0.0		
0.623	1.0	0.0		
0.624	1.0	0.0		
0.625	1.0	0.0		
0.626	1.0	0.0		
0.627	1.0	0.0		
0.628	1.0	0.0		
0.629	1.0	0.0		
0.63	1.0	0.0		
0.631	1.0	0.0		
0.632	1.0	0.0		
0.633	1.0	0.0		
0.634	1.0	0.0		
0.635	1.0	0.0		
0.636	1.0	0.0		
0.637	1.0	0.0		
0.638	1.0	0.0		
0.639	1.0	0.0		
0.64	1.0	0.0		
0.641	1.0	0.0		
0.642	1.0	0.0		
0.643	1.0	0.0		
0.644	1.0	0.0		
0.645	1.0	0.0		
0.646	1.0	0.0		
0.647	1.0	0.0		
0.648	1.0	0.0		
0.649	1.0	0.0		
0.65	1.0	0.0		
0.651	1.0	0.0		
0.652	1.0	0.0		
0.653	1.0	0.0		
0.654	1.0	0.0		
0.655	1.0	0.0		
0.656	1.0	0.0		
0.657	1.0	0.0		
0.658	1.0	0.0		
0.659	1.0	0.0		
0.66	1.0	0.0		
0.661	1.0	0.0		
0.662	1.0	0.0		
0.663	1.0	0.0		
0.664	1.0	0.0		
0.665	1.0	0.0		
0.666	1.0	0.0		
0.667	1.0	0.0		
0.668	1.0	0.0		
0.669	1.0	0.0		
0.67	1.0	0.0		
0.671	1.0	0.0		
0.672	1.0	0.0		
0.673	1.0	0.0		
0.674	1.0	0.0		
0.675	1.0	0.0		
0.676	1.0	0.0		
0.677	1.0	0.0		
0.678	1.0	0.0		
0.679	1.0	0.0		
0.68	1.0	0.0		
0.681	1.0	0.0		
0.682	1.0	0.0		
0.683	1.0	0.0		
0.684	1.0	0.0		
0.685	1.0	0.0		
0.686	1.0	0.0		
0.687	1.0	0.0		
0.6880000000000001	1.0	0.0		
0.6890000000000001	1.0	0.0		
0.6900000000000001	1.0	0.0		
0.6910000000000001	1.0	0.0		
0.6920000000000001	1.0	0.0		
0.6930000000000001	1.0	0.0		
0.6940000000000001	1.0	0.0		
0.6950000000000001	1.0	0.0		
0.6960000000000001	1.0	0.0		
0.6970000000000001	1.0	0.0		
0.6980000000000001	1.0	0.0		
0.6990000000000001	1.0	0.0		
0.7000000000000001	1.0	0.0		
0.7010000000000001	1.0	0.0		
0.7020000000000001	1.0	0.0		
0.7030000000000001	1.0	0.0		
0.704	1.0	0.0		
0.705	1.0	0.0		
0.706	1.0	0.0		
0.707	1.0	0.0		
0.708	1.0	0.0		
0.709	1.0	0.0		
0.71	1.0	0.0		
0.711	1.0	0.0		
0.712	1.0	0.0		
0.713	1.0	0.0		
0.714	1.0	0.0		
0.715	1.0	0.0		
0.716	1.0	0.0		
0.717	1.0	0.0		
0.718	1.0	0.0		
0.719	1.0	0.0		
0.72	1.0	0.0		
0.721	1.0	0.0		
0.722	1.0	0.0		
0.723	1.0	0.0		
0.724	1.0	0.0		
0.725	1.0	0.0		
0.726	1.0	0.0		
0.727	1.0	0.0		
0.728	1.0	0.0		
0.729	1.0	0.0		
0.73	1.0	0.0		
0.731	1.0	0.0		
0.732	1.0	0.0		
0.733	1.0	0.0		
0.734	1.0	0.0		
0.735	1.0	0.0		
0.736	1.0	0.0		
0.737	1.0	0.0		
0.738	1.0	0.0		
0.739	1.0	0.0		
0.74	1.0	0.0		
0.741	1.0	0.0		
0.742	1.0	0.0		
0.743	1.0	0.0		
0.744	1.0	0.0		
0.745	1.0	0.0		
0.746	1.0	0.0		
0.747	1.0	0.0		
0.748	1.0	0.0		
0.749	1.0	0.0		
0.75	1.0	0.0		
0.751	1.0	0.0		
0.752	1.0	0.0		
0.753	1.0	0.0		
0.754	1.0	0.0		
0.755	1.0	0.0		
0.756	1.0	0.0		
0.757	1.0	0.0		
0.758	1.0	0.0		
0.759	1.0	0.0		
0.76	1.0	0.0		
0.761	1.0	0.0		
0.762	1.0	0.0		
0.763	1.0	0.0		
0.764	1.0	0.0		
0.765	1.0	0.0		
0.766	1.0	0.0		
0.767	1.0	0.0		
0.768	1.0	0.0		
0.769	1.0	0.0		
0.77	1.0	0.0		
0.771	1.0	0.0		
0.772	1.0	0.0		
0.773	1.0	0.0		
0.774	1.0	0.0		
0.775	1.0	0.0		
0.776	1.0	0.0		
0.777	1.0	0.0		
0.778	1.0	0.0		
0.779	1.0	0.0		
0.78	1.0	0.0		
0.781	1.0	0.0		
0.782	1.0	0.0		
0.783	1.0	0.0		
0.784	1.0	0.0		
0.785	1.0	0.0		
0.786	1.0	0.0		
0.787	1.0	0.0		
0.788	1.0	0.0		
0.789	1.0	0.0		
0.79	1.0	0.0		
0.791	1.0	0.0		
0.792	1.0	0.0		
0.793	1.0	0.0		
0.794	1.0	0.0		
0.795	1.0	0.0		
0.796	1.0	0.0		
0.797	1.0	0.0		
0.798	1.0	0.0		
0.799	1.0	0.0		
0.8	1.0	0.0		
0.801	1.0	0.0		
0.802	1.0	0.0		
0.803	1.0	0.0		
0.804	1.0	0.0		
0.805	1.0	0.0		
0.806	1.0	0.0		
0.807	1.0	0.0		
0.808	1.0	0.0		
0.809	1.0	0.0		
0.81	1.0	0.0		
0.811	1.0	0.0		
0.812	1.0	0.0		
0.8130000000000001	1.0	0.0		
0.8140000000000001	1.0	0.0		
0.8150000000000001	1.0	0.0		
0.8160000000000001	1.0	0.0		
0.8170000000000001	1.0	0.0		
0.8180000000000001	1.0	0.0		
0.8190000000000001	1.0	0.0		
0.8200000000000001	1.0	0.0		
0.8210000000000001	1.0	0.0		
0.8220000000000001	1.0	0.0		
0.8230000000000001	1.0	0.0		
0.8240000000000001	1.0	0.0		
0.8250000000000001	1.0	0.0		
0.8260000000000001	1.0	0.0		
0.8270000000000001	1.0	0.0		
0.8280000000000001	1.0	0.0		
0.8290000000000001	1.0	0.0		
0.8300000000000001	1.0	0.0		
0.8310000000000001	1.0	0.0		
0.8320000000000001	1.0	0.0		
0.833	1.0	0.0		
0.834	1.0	0.0		
0.835	1.0	0.0		
0.836	1.0	0.0		
0.837	1.0	0.0		
0.838	1.0	0.0		
0.839	1.0	0.0		
0.84	1.0	0.0		
0.841	1.0	0.0		
0.842	1.0	0.0		
0.843	1.0	0.0		
0.844	1.0	0.0		
0.845	1.0	0.0		
0.846	1.0	0.0		
0.847	1.0	0.0		
0.848	1.0	0.0		
0.849	1.0	0.0		
0.85	1.0	0.0		
0.851	1.0	0.0		
0.852	1.0	0.0		
0.853	1.0	0.0		
0.854	1.0	0.0		
0.855	1.0	0.0		
0.856	1.0	0.0		
0.857	1.0	0.0		
0.858	1.0	0.0		
0.859	1.0	0.0		
0.86	1.0	0.0		
0.861	1.0	0.0		
0.862	1.0	0.0		
0.863	1.0	0.0		
0.864	1.0	0.0		
0.865	1.0	0.0		
0.866	1.0	0.0		
0.867	1.0	0.0		
0.868	1.0	0.0		
0.869	1.0	0.0		
0.87	1.0	0.0		
0.871	1.0	0.0		
0.872	1.0	0.0		
0.873	1.0	0.0		
0.874	1.0	0.0		
0.875	1.0	0.0		
0.876	1.0	0.0		
0.877	1.0	0.0		
0.878	1.0	0.0		
0.879	1.0	0.0		
0.88	1.0	0.0		
0.881	1.0	0.0		
0.882	1.0	0.0		
0.883	1.0	0.0		
0.884	1.0	0.0		
0.885	1.0	0.0		
0.886	1.0	0.0		
0.887	1.0	0.0		
0.888	1.0	0.0		
0.889	1.0	0.0		
0.89	1.0	0.0		
0.891	1.0	0.0		
0.892	1.0	0.0		
0.893	1.0	0.0		
0.894	1.0	0.0		
0.895	1.0	0.0		
0.896	1.0	0.0		
0.897	1.0	0.0		
0.898	1.0	0.0		
0.899	1.0	0.0		
0.9	1.0	0.0		
0.901	1.0	0.0		
0.902	1.0	0.0		
0.903	1.0	0.0		
0.904	1.0	0.0		
0.905	1.0	0.0		
0.906	1.0	0.0		
0.907	1.0	0.0		
0.908	1.0	0.0		
0.909	1.0	0.0		
0.91	1.0	0.0		
0.911	1.0	0.0		
0.912	1.0	0.0		
0.913	1.0	0.0		
0.914	1.0	0.0		
0.915	1.0	0.0		
0.916	1.0	0.0		
0.917	1.0	0.0		
0.918	1.0	0.0		
0.919	1.0	0.0		
0.92	1.0	0.0		
0.921	1.0	0.0		
0.922	1.0	0.0		
0.923	1.0	0.0		
0.924	1.0	0.0		
0.925	1.0	0.0		
0.926	1.0	0.0		
0.927	1.0	0.0		
0.928	1.0	0.0		
0.929	1.0	0.0		
0.93	1.0	0.0		
0.931	1.0	0.0		
0.932	1.0	0.0		
0.933	1.0	0.0		
0.934	1.0	0.0		
0.935	1.0	0.0		
0.936	1.0	0.0		
0.937	1.0	0.0		
0.9380000000000001	1.0	0.0		
0.9390000000000001	1.0	0.0		
0.9400000000000001	1.0	0.0		
0.9410000000000001	1.0	0.0		
0.9420000000000001	1.0	0.0		
0.9430000000000001	1.0	0.0		
0.9440000000000001	1.0	0.0		
0.9450000000000001	1.0	0.0		
0.9460000000000001	1.0	0.0		
0.9470000000000001	1.0	0.0		
0.9480000000000001	1.0	0.0		
0.9490000000000001	1.0	0.0		
0.9500000000000001	1.0	0.0		
0.9510000000000001	1.0	0.0		
0.9520000000000001	1.0	0.0		
0.9530000000000001	1.0	0.0		
0.9540000000000001	1.0	0.0		
0.9550000000000001	1.0	0.0		
0.9560000000000001	1.0	0.0		
0.9570000000000001	1.0	0.0		
0.9580000000000001	1.0	0.0		
0.9590000000000001	1.0	0.0		
0.96	1.0	0.0		
0.961	1.0	0.0		
0.962	1.0	0.0		
0.963	1.0	0.0		
0.964	1.0	0.0		
0.965	1.0	0.0		
0.966	1.0	0.0		
0.967	1.0	0.0		
0.968	1.0	0.0		
0.969	1.0	0.0		
0.97	1.0	0.0		
0.971	1.0	0.0		
0.972	1.0	0.0		
0.973	1.0	0.0		
0.974	1.0	0.0		
0.975	1.0	0.0		
0.976	1.0	0.0		
0.977	1.0	0.0		
0.978	1.0	0.0		
0.979	1.0	0.0		
0.98	1.0	0.0		
0.981	1.0	0.0		
0.982	1.0	0.0		
0.983	1.0	0.0		
0.984	1.0	0.0		
0.985	1.0	0.0		
0.986	1.0	0.0		
0.987	1.0	0.0		
0.988	1.0	0.0		
0.989	1.0	0.0		
0.99	1.0	0.0		
0.991	1.0	0.0		
0.992	1.0	0.0		
0.993	1.0	0.0		
0.994	1.0	0.0		
0.995	1.0	0.0		
0.996	1.0	0.0		
0.997	1.0	0.0		
0.998	1.0	0.0		
0.999	1.0	0.0		
1.0	1.0	0.0		
